access_right,communities,conference_acronym,conference_dates,conference_place,conference_title,conference_url,contributors,creators,description,doi,keywords,license,prereserve_doi,publication_date,related_identifiers,title,upload_type,conceptdoi,files
open,"[{'identifier': 'dhd'}, {'identifier': 'zenodo'}]",DHd 2023,13.03.2023-17.03.2023,"Trier, Luxemburg","DHd 2023 Open Humanities Open Culture. 9. Tagung des Verbands ""Digital Humanities im deutschsprachigen Raum""",https://dhd2023.dig-hum.de/,"[{'affiliation': 'Universität Potsdam, Deutschland', 'name': 'Trilcke, Peer', 'orcid': '0000-0002-1421-4320', 'type': 'Editor'}, {'affiliation': 'Universität Potsdam, Deutschland', 'name': 'Busch, Anna', 'orcid': '0000-0001-5584-4807', 'type': 'Editor'}, {'affiliation': 'Digital Humanities im deutschsprachigen Raum e.V., Deutschland', 'name': 'Helling, Patrick', 'orcid': '0000-0003-4043-165X', 'type': 'Editor'}]","[{'affiliation': 'Zentrum für Informationsmodellierung, Graz, Österreich', 'name': 'Pollin, Christopher'}, {'affiliation': 'Zentrum für Informationsmodellierung, Graz, Österreich', 'name': 'Strutz, Sabrina'}, {'affiliation': 'Zentrum für Informationsmodellierung, Graz, Österreich', 'name': 'Steiner, Christian'}, {'affiliation': 'Zentrum für Informationsmodellierung, Graz, Österreich', 'name': 'Klug, Helmut'}]",Eine Posterpr&auml;sentation auf der 9. Tagung des Verbands &quot;Digital Humanities im deutschsprachigen Raum&quot; - DHd 2023 Open Humanities Open Culture,10.5281/zenodo.7711405,"['Digitale Edition', 'Tools', 'Workflow', 'Transkription', 'Annotieren', 'Archivierung', 'Veröffentlichung', 'Werkzeuge', 'DHd2023']",CC-BY-4.0,"{'doi': '10.5281/zenodo.7711405', 'recid': 7711405}",2023-03-10,"[{'identifier': '10.5281/zenodo.7715452', 'relation': 'isSupplementTo', 'resource_type': 'publication-conferencepaper', 'scheme': 'doi'}]",DigEdTnT - Digital Edition Creation Pipelines: Tools and Transitions,poster,10.5281/zenodo.7711404,['DHd2023_110_Pollin_DigEdTnT - Digital Edition Creation Pipelines_b.pdf']
open,"[{'identifier': 'dhd'}, {'identifier': 'zenodo'}]",DHd 2023,13.03.2023-17.03.2023,"Trier, Luxemburg","DHd 2023 Open Humanities Open Culture. 9. Tagung des Verbands ""Digital Humanities im deutschsprachigen Raum""",https://dhd2023.dig-hum.de/,"[{'affiliation': 'Universität Potsdam, Deutschland', 'name': 'Trilcke, Peer', 'orcid': '0000-0002-1421-4320', 'type': 'Editor'}, {'affiliation': 'Universität Potsdam, Deutschland', 'name': 'Busch, Anna', 'orcid': '0000-0001-5584-4807', 'type': 'Editor'}, {'affiliation': 'Digital Humanities im deutschsprachigen Raum e.V., Deutschland', 'name': 'Helling, Patrick', 'orcid': '0000-0003-4043-165X', 'type': 'Editor'}]","[{'affiliation': 'Kunsthistorisches Museum, Wien, Österreich', 'name': 'Grießer, Martina'}, {'affiliation': 'Kunsthistorisches Museum, Wien, Österreich', 'name': 'Hanzer, Helene'}, {'affiliation': 'Kunsthistorisches Museum, Wien, Österreich', 'name': 'Kirchweger, Franz'}, {'affiliation': 'Kunsthistorisches Museum, Wien, Österreich', 'name': 'Kloser, Peter'}, {'affiliation': 'Kunsthistorisches Museum, Wien, Österreich', 'name': 'Lamers, Teresa'}, {'affiliation': 'Zentrum für Informationsmodellierung, Universität Graz, Österreich', 'name': 'Pollin, Christopher'}, {'affiliation': 'Zentrum für Informationsmodellierung, Universität Graz, Österreich', 'name': 'Scholger, Martina'}, {'affiliation': 'Zentrum für Informationsmodellierung, Universität Graz, Österreich', 'name': 'Steiner, Elisabeth'}, {'affiliation': 'Zentrum für Informationsmodellierung, Universität Graz, Österreich', 'name': 'Vasold, Gunter'}]",Eine Posterpr&auml;sentation auf der 9. Tagung des Verbands &quot;Digital Humanities im deutschsprachigen Raum&quot; - DHd 2023 Open Humanities Open Culture,10.5281/zenodo.7711407,"['Forschungsdaten', 'Museum', 'Kulturerbe', 'Ontologie', 'Teilen', 'Modellierung', 'Annotieren', 'Veröffentlichung', 'Artefakte', 'Daten', 'DHd2023']",CC-BY-4.0,"{'doi': '10.5281/zenodo.7711407', 'recid': 7711407}",2023-03-10,"[{'identifier': '10.5281/zenodo.7715502', 'relation': 'isSupplementTo', 'resource_type': 'publication-conferencepaper', 'scheme': 'doi'}]",Sharing the CROWN - Von Sammlungsdaten zu Linked Open Research Data,poster,10.5281/zenodo.7711406,['DHd2023_111_Grie├ƒer_Sharing the CROWN_b.pdf']
open,"[{'identifier': 'dhd'}, {'identifier': 'zenodo'}]",DHd 2023,13.03.2023-17.03.2023,"Trier, Luxemburg","DHd 2023 Open Humanities Open Culture. 9. Tagung des Verbands ""Digital Humanities im deutschsprachigen Raum""",https://dhd2023.dig-hum.de/,"[{'affiliation': 'Universität Potsdam, Deutschland', 'name': 'Trilcke, Peer', 'orcid': '0000-0002-1421-4320', 'type': 'Editor'}, {'affiliation': 'Universität Potsdam, Deutschland', 'name': 'Busch, Anna', 'orcid': '0000-0001-5584-4807', 'type': 'Editor'}, {'affiliation': 'Digital Humanities im deutschsprachigen Raum e.V., Deutschland', 'name': 'Helling, Patrick', 'orcid': '0000-0003-4043-165X', 'type': 'Editor'}]","[{'affiliation': 'TU Dresden, Deutschland', 'name': 'Meier-Vieracker, Simon', 'orcid': '0000-0002-0141-9327'}, {'affiliation': 'TU Dresden, Deutschland', 'name': 'Weigelt, Lucie'}, {'affiliation': 'TU Dresden, Deutschland', 'name': 'Dutschke, René'}, {'affiliation': 'TU Dresden, Deutschland', 'name': 'Lasch, Alexander', 'orcid': '0000-0003-4046-3993'}, {'affiliation': 'TU Dresden, Deutschland', 'name': 'Scherbaum, Stefan', 'orcid': '0000-0002-4408-6016'}, {'affiliation': 'TU Dresden, Deutschland', 'name': 'Seemann, Sophia'}, {'affiliation': 'TU Dresden, Deutschland', 'name': 'Pfeifer, Ulrike'}]",Eine Posterpr&auml;sentation auf der 9. Tagung des Verbands &quot;Digital Humanities im deutschsprachigen Raum&quot; - DHd 2023 Open Humanities Open Culture,10.5281/zenodo.7711416,"['Openness', 'Korpuslinguistik', 'Framesemantik', 'Sammlung', 'Inhaltsanalyse', 'Annotieren', 'Theoretisierung', 'Visualisierung', 'Text', 'DHd2023']",CC-BY-4.0,"{'doi': '10.5281/zenodo.7711416', 'recid': 7711416}",2023-03-10,"[{'identifier': '10.5281/zenodo.7715432', 'relation': 'isSupplementTo', 'resource_type': 'publication-conferencepaper', 'scheme': 'doi'}]",Was heißt eigentlich 'offen'? Eine korpuslinguistische Untersuchung am Beispiel des bibliothekarischen Diskurses der SLUB Dresden,poster,10.5281/zenodo.7711415,"[""DHd2023_112_Meier-Vieracker_Was hei├ƒt eigentlich ,offen' Eine korpuslinguistische Untersuchung am Beispiel de_b.pdf""]"
open,"[{'identifier': 'dhd'}, {'identifier': 'zenodo'}]",DHd 2023,13.03.2023-17.03.2023,"Trier, Luxemburg","DHd 2023 Open Humanities Open Culture. 9. Tagung des Verbands ""Digital Humanities im deutschsprachigen Raum""",https://dhd2023.dig-hum.de/,"[{'affiliation': 'Universität Potsdam, Deutschland', 'name': 'Trilcke, Peer', 'orcid': '0000-0002-1421-4320', 'type': 'Editor'}, {'affiliation': 'Universität Potsdam, Deutschland', 'name': 'Busch, Anna', 'orcid': '0000-0001-5584-4807', 'type': 'Editor'}, {'affiliation': 'Digital Humanities im deutschsprachigen Raum e.V., Deutschland', 'name': 'Helling, Patrick', 'orcid': '0000-0003-4043-165X', 'type': 'Editor'}]","[{'affiliation': 'Technische Universität Darmstadt, Deutschland', 'name': 'Borek, Luise', 'orcid': '0000-0001-5849-374X'}, {'affiliation': 'Huygens Instituut, Niederlande', 'name': 'Busch, Hannah', 'orcid': '0000-0002-3491-8202'}, {'affiliation': 'Universität Stuttgart, Deutschland', 'name': 'Ketschik, Nora'}]",Eine Posterpr&auml;sentation auf der 9. Tagung des Verbands &quot;Digital Humanities im deutschsprachigen Raum&quot; - DHd 2023 Open Humanities Open Culture,10.5281/zenodo.7711422,"['Linked Open Data', 'Mediävistik', 'Vernetzung', 'Modellierung', 'Annotieren', 'Theoretisierung', 'Community-Bildung', 'Kollaboration', 'Organisation', 'DHd2023']",CC-BY-4.0,"{'doi': '10.5281/zenodo.7711422', 'recid': 7711422}",2023-03-10,"[{'identifier': '10.5281/zenodo.7715271', 'relation': 'isSupplementTo', 'resource_type': 'publication-conferencepaper', 'scheme': 'doi'}]",Netzwerk Offenes Mittelalter,poster,10.5281/zenodo.7711421,['DHd2023_118_Borek_Netzwerk Offenes Mittelalter_b.pdf']
open,"[{'identifier': 'dhd'}, {'identifier': 'zenodo'}]",DHd 2023,13.03.2023-17.03.2023,"Trier, Luxemburg","DHd 2023 Open Humanities Open Culture. 9. Tagung des Verbands ""Digital Humanities im deutschsprachigen Raum""",https://dhd2023.dig-hum.de/,"[{'affiliation': 'Universität Potsdam, Deutschland', 'name': 'Trilcke, Peer', 'orcid': '0000-0002-1421-4320', 'type': 'Editor'}, {'affiliation': 'Universität Potsdam, Deutschland', 'name': 'Busch, Anna', 'orcid': '0000-0001-5584-4807', 'type': 'Editor'}, {'affiliation': 'Digital Humanities im deutschsprachigen Raum e.V., Deutschland', 'name': 'Helling, Patrick', 'orcid': '0000-0003-4043-165X', 'type': 'Editor'}]","[{'affiliation': 'Friedrich-Schiller-Universität Jena, Deutschland', 'name': 'Aehnlich, Barbara', 'orcid': '0000-0003-1492-7766'}, {'affiliation': 'Thüringer Universitäts- und Landesbibliothek Jena, Deutschland', 'name': 'Kunze, Petra'}]",Eine Posterpr&auml;sentation auf der 9. Tagung des Verbands &quot;Digital Humanities im deutschsprachigen Raum&quot; - DHd 2023 Open Humanities Open Culture,10.5281/zenodo.7711426,"['Flurnamenforschung', 'Thüringisches Flurnamenportal', 'kulturelles Erbe', 'Citizen Science', 'Open Culture', 'Digitalisierung Flurnamenarchiv', 'Sammlung', 'Archivierung', 'Community-Bildung', 'Kollaboration', 'Visualisierung', 'Karte', 'DHd2023']",CC-BY-4.0,"{'doi': '10.5281/zenodo.7711426', 'recid': 7711426}",2023-03-10,"[{'identifier': '10.5281/zenodo.7715251', 'relation': 'isSupplementTo', 'resource_type': 'publication-conferencepaper', 'scheme': 'doi'}]",Das Thüringische Flurnamenportal,poster,10.5281/zenodo.7711425,['DHd2023_123_Aehnlich_Das Thu╠êringische Flurnamenportal_b.pdf']
open,"[{'identifier': 'dhd'}, {'identifier': 'zenodo'}]",DHd 2023,13.03.2023-17.03.2023,"Trier, Luxemburg","DHd 2023 Open Humanities Open Culture. 9. Tagung des Verbands ""Digital Humanities im deutschsprachigen Raum""",https://dhd2023.dig-hum.de/,"[{'affiliation': 'Universität Potsdam, Deutschland', 'name': 'Trilcke, Peer', 'orcid': '0000-0002-1421-4320', 'type': 'Editor'}, {'affiliation': 'Universität Potsdam, Deutschland', 'name': 'Busch, Anna', 'orcid': '0000-0001-5584-4807', 'type': 'Editor'}, {'affiliation': 'Digital Humanities im deutschsprachigen Raum e.V., Deutschland', 'name': 'Helling, Patrick', 'orcid': '0000-0003-4043-165X', 'type': 'Editor'}]","[{'affiliation': 'Berlin-Brandenburgische Akademie der Wissenschaften, Deutschland', 'name': 'Gerber, Anja'}]",Eine Posterpr&auml;sentation auf der 9. Tagung des Verbands &quot;Digital Humanities im deutschsprachigen Raum&quot; - DHd 2023 Open Humanities Open Culture,10.5281/zenodo.7711434,"['Forschungsdateninfrastruktur', 'Datenmodell', 'Metadaten', 'Daten', 'Infrastruktur', 'Metadaten', 'Methoden', 'Multimodale Kommunikation', 'Forschungsprozess', 'DHd2023']",CC-BY-4.0,"{'doi': '10.5281/zenodo.7711434', 'recid': 7711434}",2023-03-10,"[{'identifier': '10.5281/zenodo.7715821', 'relation': 'isSupplementTo', 'resource_type': 'publication-conferencepaper', 'scheme': 'doi'}]",Die besonderen Herausforderungen multimodaler heterogener Daten- und Quellentypen an die Datenverwaltung. Ist eine Forschungsdateninfrastruktur ohne eine Datenbank umsetzbar?,poster,10.5281/zenodo.7711433,['DHd2023_125_Gerber_Die besonderen Herausforderungen multimodaler heterogener Daten_b.pdf']
open,"[{'identifier': 'dhd'}, {'identifier': 'zenodo'}]",DHd 2023,13.03.2023-17.03.2023,"Trier, Luxemburg","DHd 2023 Open Humanities Open Culture. 9. Tagung des Verbands ""Digital Humanities im deutschsprachigen Raum""",https://dhd2023.dig-hum.de/,"[{'affiliation': 'Universität Potsdam, Deutschland', 'name': 'Trilcke, Peer', 'orcid': '0000-0002-1421-4320', 'type': 'Editor'}, {'affiliation': 'Universität Potsdam, Deutschland', 'name': 'Busch, Anna', 'orcid': '0000-0001-5584-4807', 'type': 'Editor'}, {'affiliation': 'Digital Humanities im deutschsprachigen Raum e.V., Deutschland', 'name': 'Helling, Patrick', 'orcid': '0000-0003-4043-165X', 'type': 'Editor'}]","[{'affiliation': 'Universität zu Köln, Cologne Center for eHumanities, Deutschland', 'name': 'Blumtritt, Jonathan', 'orcid': '0000-0002-1438-379X'}, {'affiliation': 'Universität zu Köln, Cologne Center for eHumanities, Deutschland', 'name': 'Cugliana, Elisa', 'orcid': '0000-0002-6460-2954'}, {'affiliation': 'Universität zu Köln, Cologne Center for eHumanities, Deutschland', 'name': 'Geißler, Nils', 'orcid': '0000-0002-5852-1402'}, {'affiliation': 'Technische Universität Darmstadt, Deutschland', 'name': 'Hegel, Philipp', 'orcid': '0000-0001-6867-1511'}, {'affiliation': 'Universität zu Köln, Cologne Center for eHumanities, Deutschland', 'name': 'Hensen, Kilian', 'orcid': '0000-0001-6708-1237'}, {'affiliation': 'Deutsches Historisches Institut Rom, Deutschland', 'name': 'Hörnschemeyer, Jörg', 'orcid': '0000-0001-8788-5718'}, {'affiliation': 'Niedersächsische Staats- und Universitätsbibliothek Göttingen, Deutschland', 'name': 'Kudella, Christoph', 'orcid': '0000-0002-9645-7122'}, {'affiliation': 'Berlin-Brandenburgische Akademie der Wissenschaften, Deutschland', 'name': 'Lemke, Karoline', 'orcid': '0000-0002-1604-672X'}, {'affiliation': 'Salomon Ludwig Steinheim-Institut für deutsch-jüdische Geschichte an der Universität Duisburg-Essen, Deutschland', 'name': 'Lordick, Harald', 'orcid': '0000-0002-5070-4263'}, {'affiliation': 'Berlin-Brandenburgische Akademie der Wissenschaften, Deutschland', 'name': 'Neuber, Frederike', 'orcid': '0000-0001-8279-9298'}, {'affiliation': 'Universität zu Köln, Cologne Center for eHumanities, Deutschland', 'name': 'Neuefeind, Claes', 'orcid': '0000-0002-9377-9492'}, {'affiliation': 'Herzog August Bibliothek Wolfenbüttel, Deutschland', 'name': 'Schulz, Daniela', 'orcid': '0000-0003-3167-5089'}, {'affiliation': 'Universitäts- und Landesbibliothek Darmstadt, Deutschland', 'name': 'Seltmann, Melanie Elisabeth-H.', 'orcid': '0000-0002-7588-4395'}, {'affiliation': 'Akademie der Wissenschaften und der Literatur | Mainz, Deutschland', 'name': 'Sievers, Martin', 'orcid': '0000-0002-9079-8911'}, {'affiliation': 'Universität zu Köln, Cologne Center for eHumanities, Deutschland', 'name': 'Gengnagel, Tessa', 'orcid': '0000-0001-8820-5112'}]",Eine Posterpr&auml;sentation auf der 9. Tagung des Verbands &quot;Digital Humanities im deutschsprachigen Raum&quot; - DHd 2023 Open Humanities Open Culture,10.5281/zenodo.7711442,"['FAIR principles', 'GND', 'Registry', 'Vernetzung', 'Methoden', 'Projekte', 'Forschung', 'Software', 'Standards', 'Text', 'DHd2023']",CC-BY-4.0,"{'doi': '10.5281/zenodo.7711442', 'recid': 7711442}",2023-03-10,"[{'identifier': '10.5281/zenodo.7715484', 'relation': 'isSupplementTo', 'resource_type': 'publication-conferencepaper', 'scheme': 'doi'}]",Offene Editionen – Die Task Area Editionen im NFDI-Konsortium Text+,poster,10.5281/zenodo.7711441,['DHd2023_126_Blumtritt_Offene Editionen - Die Task Area Editionen im NFDI-Konsortium Text_b.pdf']
open,"[{'identifier': 'dhd'}, {'identifier': 'zenodo'}]",DHd 2023,13.03.2023-17.03.2023,"Trier, Luxemburg","DHd 2023 Open Humanities Open Culture. 9. Tagung des Verbands ""Digital Humanities im deutschsprachigen Raum""",https://dhd2023.dig-hum.de/,"[{'affiliation': 'Universität Potsdam, Deutschland', 'name': 'Trilcke, Peer', 'orcid': '0000-0002-1421-4320', 'type': 'Editor'}, {'affiliation': 'Universität Potsdam, Deutschland', 'name': 'Busch, Anna', 'orcid': '0000-0001-5584-4807', 'type': 'Editor'}, {'affiliation': 'Digital Humanities im deutschsprachigen Raum e.V., Deutschland', 'name': 'Helling, Patrick', 'orcid': '0000-0003-4043-165X', 'type': 'Editor'}]","[{'affiliation': 'Deutsches Biomasseforschungszentrum / Julius-Maximilians-Universität Würzburg, Deutschland', 'name': 'Henning, Pia'}]",Eine Posterpr&auml;sentation auf der 9. Tagung des Verbands &quot;Digital Humanities im deutschsprachigen Raum&quot; - DHd 2023 Open Humanities Open Culture,10.5281/zenodo.7711446,"['Kriegsspiel', 'Natural Language Processing', 'Textkorpus', 'Sammlung', 'Beziehungsanalyse', 'Annotieren', 'Veröffentlichung', 'Stilistische Analyse', 'Text', 'DHd2023']",CC-BY-4.0,"{'doi': '10.5281/zenodo.7711446', 'recid': 7711446}",2023-03-10,"[{'identifier': '10.5281/zenodo.7715349', 'relation': 'isSupplementTo', 'resource_type': 'publication-conferencepaper', 'scheme': 'doi'}]",Das preußische Kriegsspiel als Forschungsobjekt,poster,10.5281/zenodo.7711445,['DHd2023_128_Henning_Das preu├ƒische Kriegsspiel als Forschungsobjekt_b.pdf']
open,"[{'identifier': 'dhd'}, {'identifier': 'zenodo'}]",DHd 2023,13.03.2023-17.03.2023,"Trier, Luxemburg","DHd 2023 Open Humanities Open Culture. 9. Tagung des Verbands ""Digital Humanities im deutschsprachigen Raum""",https://dhd2023.dig-hum.de/,"[{'affiliation': 'Universität Potsdam, Deutschland', 'name': 'Trilcke, Peer', 'orcid': '0000-0002-1421-4320', 'type': 'Editor'}, {'affiliation': 'Universität Potsdam, Deutschland', 'name': 'Busch, Anna', 'orcid': '0000-0001-5584-4807', 'type': 'Editor'}, {'affiliation': 'Digital Humanities im deutschsprachigen Raum e.V., Deutschland', 'name': 'Helling, Patrick', 'orcid': '0000-0003-4043-165X', 'type': 'Editor'}]","[{'affiliation': 'Berlin-Brandenburgische Akademie der Wissenschaften, Deutschland', 'name': 'Neuber, Frederike', 'orcid': '0000-0001-8279-9298'}, {'affiliation': 'Berlin-Brandenburgische Akademie der Wissenschaften, Deutschland', 'name': 'Lecroq, Axelle', 'orcid': '0000-0002-1562-9966'}]",Eine Posterpr&auml;sentation auf der 9. Tagung des Verbands &quot;Digital Humanities im deutschsprachigen Raum&quot; - DHd 2023 Open Humanities Open Culture,10.5281/zenodo.7711454,"['digitale Edition', 'Briefedition', 'Open Data', 'Teilen', 'Transkription', 'Kontextsetzung', 'Veröffentlichung', 'Daten', 'Forschungsergebnis', 'DHd2023']",CC-BY-4.0,"{'doi': '10.5281/zenodo.7711454', 'recid': 7711454}",2023-03-10,"[{'identifier': '10.5281/zenodo.7715436', 'relation': 'isSupplementTo', 'resource_type': 'publication-conferencepaper', 'scheme': 'doi'}]",Open Jean Paul,poster,10.5281/zenodo.7711453,['DHd2023_132_Neuber_Open Jean Paul_b.pdf']
open,"[{'identifier': 'dhd'}, {'identifier': 'zenodo'}]",DHd 2023,13.03.2023-17.03.2023,"Trier, Luxemburg","DHd 2023 Open Humanities Open Culture. 9. Tagung des Verbands ""Digital Humanities im deutschsprachigen Raum""",https://dhd2023.dig-hum.de/,"[{'affiliation': 'Universität Potsdam, Deutschland', 'name': 'Trilcke, Peer', 'orcid': '0000-0002-1421-4320', 'type': 'Editor'}, {'affiliation': 'Universität Potsdam, Deutschland', 'name': 'Busch, Anna', 'orcid': '0000-0001-5584-4807', 'type': 'Editor'}, {'affiliation': 'Digital Humanities im deutschsprachigen Raum e.V., Deutschland', 'name': 'Helling, Patrick', 'orcid': '0000-0003-4043-165X', 'type': 'Editor'}]","[{'affiliation': 'Leibniz-Institut für Deutsche Sprache, Deutschland', 'name': 'Lang, Christian'}, {'affiliation': 'Leibniz-Institut für Deutsche Sprache, Deutschland', 'name': 'Tu, Ngoc Duyen Tanja'}, {'affiliation': 'Leibniz-Institut für Deutsche Sprache, Deutschland', 'name': 'Schneider, Roman'}, {'affiliation': 'Leibniz-Institut für Deutsche Sprache, Deutschland', 'name': 'Volodina, Anna'}]",Eine Posterpr&auml;sentation auf der 9. Tagung des Verbands &quot;Digital Humanities im deutschsprachigen Raum&quot; - DHd 2023 Open Humanities Open Culture,10.5281/zenodo.7711460,"['Korpusaufbereitung', 'Anonymisierung', 'Terminologie', 'Chatbot', 'Programmierung', 'Annotieren', 'Bereinigung', 'Archivierung', 'Sprache', 'Methoden', 'DHd2023']",CC-BY-4.0,"{'doi': '10.5281/zenodo.7711460', 'recid': 7711460}",2023-03-10,"[{'identifier': '10.5281/zenodo.7715518', 'relation': 'isSupplementTo', 'resource_type': 'publication-conferencepaper', 'scheme': 'doi'}]",Projektvorstellung – Sprachanfragen. Empirisch gestützte Erforschung von Zweifelsfällen,poster,10.5281/zenodo.7711459,['DHd2023_134_Lang_Projektvorstellung - Sprachanfragen Empirisch gestu╠êtzte Erforschung von Zweifelsfa╠êllen_b.pdf']
open,"[{'identifier': 'dhd'}, {'identifier': 'zenodo'}]",DHd 2023,13.03.2023-17.03.2023,"Trier, Luxemburg","DHd 2023 Open Humanities Open Culture. 9. Tagung des Verbands ""Digital Humanities im deutschsprachigen Raum""",https://dhd2023.dig-hum.de/,"[{'affiliation': 'Universität Potsdam, Deutschland', 'name': 'Trilcke, Peer', 'orcid': '0000-0002-1421-4320', 'type': 'Editor'}, {'affiliation': 'Universität Potsdam, Deutschland', 'name': 'Busch, Anna', 'orcid': '0000-0001-5584-4807', 'type': 'Editor'}, {'affiliation': 'Digital Humanities im deutschsprachigen Raum e.V., Deutschland', 'name': 'Helling, Patrick', 'orcid': '0000-0003-4043-165X', 'type': 'Editor'}]","[{'affiliation': 'Leibniz-Institut für Deutsche Sprache, Deutschland', 'name': 'Rüdiger, Jan Oliver'}, {'affiliation': 'Leibniz-Institut für Deutsche Sprache, Deutschland', 'name': 'Wolfer, Sascha'}, {'affiliation': 'Leibniz-Institut für Deutsche Sprache, Deutschland', 'name': 'Cotgrove, Louis'}]",Eine Posterpr&auml;sentation auf der 9. Tagung des Verbands &quot;Digital Humanities im deutschsprachigen Raum&quot; - DHd 2023 Open Humanities Open Culture,10.5281/zenodo.7711466,"['Zeitverlauf', 'Häufigkeit', 'Exploration', 'Korpustool', 'Visualisierung', 'Corona', 'Presse', 'Mehrworteinheiten', 'N-Gram', 'Lehre', 'Webentwicklung', 'Visualisierung', 'Forschung', 'Forschungsergebnis', 'Visualisierung', 'DHd2023']",CC-BY-4.0,"{'doi': '10.5281/zenodo.7711466', 'recid': 7711466}",2023-03-10,"[{'identifier': '10.5281/zenodo.7715470', 'relation': 'isSupplementTo', 'resource_type': 'publication-conferencepaper', 'scheme': 'doi'}]",OWIDplusLIVE - Tagesaktuelle N-Gramm-Analysen,poster,10.5281/zenodo.7711465,['DHd2023_140_Ru╠êdiger_OWIDplusLIVE - Tagesaktuelle N-Gramm-Analysen_b.pdf']
open,"[{'identifier': 'dhd'}, {'identifier': 'zenodo'}]",DHd 2023,13.03.2023-17.03.2023,"Trier, Luxemburg","DHd 2023 Open Humanities Open Culture. 9. Tagung des Verbands ""Digital Humanities im deutschsprachigen Raum""",https://dhd2023.dig-hum.de/,"[{'affiliation': 'Universität Potsdam, Deutschland', 'name': 'Trilcke, Peer', 'orcid': '0000-0002-1421-4320', 'type': 'Editor'}, {'affiliation': 'Universität Potsdam, Deutschland', 'name': 'Busch, Anna', 'orcid': '0000-0001-5584-4807', 'type': 'Editor'}, {'affiliation': 'Digital Humanities im deutschsprachigen Raum e.V., Deutschland', 'name': 'Helling, Patrick', 'orcid': '0000-0003-4043-165X', 'type': 'Editor'}]","[{'affiliation': 'Akademie der Wissenschaften und der Literatur | Mainz, Deutschland', 'name': 'Schrade, Torsten', 'orcid': '0000-0002-0953-2818'}, {'affiliation': 'Niedersächsische Staats- und Universitätsbibliothek Göttingen, Deutschland', 'name': 'Stein, Regine', 'orcid': '0000-0003-3406-5104'}, {'affiliation': 'Akademie der Wissenschaften und der Literatur | Mainz, Deutschland', 'name': 'Tolksdorf, Julia', 'orcid': '0000-0002-0495-5897'}, {'affiliation': 'Akademie der Wissenschaften und der Literatur | Mainz, Deutschland', 'name': 'Vater, Christian', 'orcid': '0000-0003-1367-8489'}, {'affiliation': 'Niedersächsische Staats- und Universitätsbibliothek Göttingen, Deutschland', 'name': 'Weimer, Lukas', 'orcid': '0000-0001-6919-3646'}]",Eine Posterpr&auml;sentation auf der 9. Tagung des Verbands &quot;Digital Humanities im deutschsprachigen Raum&quot; - DHd 2023 Open Humanities Open Culture,10.5281/zenodo.7711468,"['NFDI', 'NFDI4Culture', 'Text+', 'Community', 'Netzwerkanalyse', 'Graphesis', 'Kartierung', 'Entdeckung', 'Kommunikation', 'Community-Bildung', 'Netzwerkanalyse', 'Kollaboration', 'Infrastruktur', 'DHd2023']",CC-BY-4.0,"{'doi': '10.5281/zenodo.7711468', 'recid': 7711468}",2023-03-10,"[{'identifier': '10.5281/zenodo.7715528', 'relation': 'isSupplementTo', 'resource_type': 'publication-conferencepaper', 'scheme': 'doi'}]",NFDI4Culture und Text+ – Kartierung einer Zusammenarbeit,poster,10.5281/zenodo.7711467,['DHd2023_147_Schrade_NFDI4Culture und Text - Kartierung einer Zusammenarbeit_b.pdf']
open,"[{'identifier': 'dhd'}, {'identifier': 'zenodo'}]",DHd 2023,13.03.2023-17.03.2023,"Trier, Luxemburg","DHd 2023 Open Humanities Open Culture. 9. Tagung des Verbands ""Digital Humanities im deutschsprachigen Raum""",https://dhd2023.dig-hum.de/,"[{'affiliation': 'Universität Potsdam, Deutschland', 'name': 'Trilcke, Peer', 'orcid': '0000-0002-1421-4320', 'type': 'Editor'}, {'affiliation': 'Universität Potsdam, Deutschland', 'name': 'Busch, Anna', 'orcid': '0000-0001-5584-4807', 'type': 'Editor'}, {'affiliation': 'Digital Humanities im deutschsprachigen Raum e.V., Deutschland', 'name': 'Helling, Patrick', 'orcid': '0000-0003-4043-165X', 'type': 'Editor'}]","[{'affiliation': 'Max Weber Stiftung, Deutschland', 'name': 'Piel, Pattrick', 'orcid': '0000-0001-5809-2815'}, {'affiliation': 'Max Weber Stiftung, Deutschland', 'name': 'Töpfer, Marlen'}, {'affiliation': 'Max Weber Stiftung, Deutschland', 'name': 'Günther, Johanna'}]",Eine Posterpr&auml;sentation auf der 9. Tagung des Verbands &quot;Digital Humanities im deutschsprachigen Raum&quot; - DHd 2023 Open Humanities Open Culture,10.5281/zenodo.7711470,"['Open Science', 'Open Access', 'Wissenschaftsinfrastruktur', 'Research Infrastructure', 'Open-Access-Transformation', 'Kommunikation', 'Community-Bildung', 'Veröffentlichung', 'Kollaboration', 'Infrastruktur', 'DHd2023']",CC-BY-4.0,"{'doi': '10.5281/zenodo.7711470', 'recid': 7711470}",2023-03-10,"[{'identifier': '10.5281/zenodo.7715450', 'relation': 'isSupplementTo', 'resource_type': 'publication-conferencepaper', 'scheme': 'doi'}]",Wie die OPERAS-Projekte PRISM und TRIPLE Open Humanities unterstützen können,poster,10.5281/zenodo.7711469,['DHd2023_148_Piel_Wie die OPERAS-Projekte PRISM und TRIPLE Open Humanities unterstu╠êtzen ko╠ênnen_b.pdf']
open,"[{'identifier': 'dhd'}, {'identifier': 'zenodo'}]",DHd 2023,13.03.2023-17.03.2023,"Trier, Luxemburg","DHd 2023 Open Humanities Open Culture. 9. Tagung des Verbands ""Digital Humanities im deutschsprachigen Raum""",https://dhd2023.dig-hum.de/,"[{'affiliation': 'Universität Potsdam, Deutschland', 'name': 'Trilcke, Peer', 'orcid': '0000-0002-1421-4320', 'type': 'Editor'}, {'affiliation': 'Universität Potsdam, Deutschland', 'name': 'Busch, Anna', 'orcid': '0000-0001-5584-4807', 'type': 'Editor'}, {'affiliation': 'Digital Humanities im deutschsprachigen Raum e.V., Deutschland', 'name': 'Helling, Patrick', 'orcid': '0000-0003-4043-165X', 'type': 'Editor'}]","[{'affiliation': 'Technische Universität Darmstadt, Deutschland', 'name': 'Gius, Evelyn', 'orcid': '0000-0001-8888-8419'}, {'affiliation': 'Universität Trier, Deutschland', 'name': 'Schöch, Christof', 'orcid': '0000-0002-4557-2753'}, {'affiliation': 'Universität Potsdam, Deutschland', 'name': 'Trilcke, Peer', 'orcid': '0000-0002-1421-4320'}, {'affiliation': 'Technische Universität Darmstadt, Deutschland', 'name': 'Gerstorfer, Dominik', 'orcid': '0000-0002-8095-2540'}, {'affiliation': 'Technische Universität Darmstadt, Deutschland', 'name': 'Guhr, Svenja', 'orcid': '0000-0002-7686-3609'}, {'affiliation': 'Universität Trier, Deutschland', 'name': 'Ripoll, Elodie', 'orcid': '0000-0003-4782-769X'}, {'affiliation': 'Universität Potsdam, Deutschland', 'name': 'Sluyter-Gäthje, Henny', 'orcid': '0000-0003-2969-3237'}]",Eine Posterpr&auml;sentation auf der 9. Tagung des Verbands &quot;Digital Humanities im deutschsprachigen Raum&quot; - DHd 2023 Open Humanities Open Culture,10.5281/zenodo.7711472,"['Journal', 'Open Access', 'Review', 'Workflow', 'Community', 'Computational Literary Studies', 'Teilen', 'Community-Bildung', 'Veröffentlichung', 'Organisation', 'Forschungsprozess', 'Forschungsergebnis', 'DHd2023']",CC-BY-4.0,"{'doi': '10.5281/zenodo.7711472', 'recid': 7711472}",2023-03-10,"[{'identifier': '10.5281/zenodo.7715496', 'relation': 'isSupplementTo', 'resource_type': 'publication-conferencepaper', 'scheme': 'doi'}]",Opening a Journal. Erfahrungen bei der Gründung des Journal of Computational Literary Studies,poster,10.5281/zenodo.7711471,['DHd2023_151_Gius_Opening a Journal Erfahrungen bei der Gru╠êndung des Journal_b.pdf']
open,"[{'identifier': 'dhd'}, {'identifier': 'zenodo'}]",DHd 2023,13.03.2023-17.03.2023,"Trier, Luxemburg","DHd 2023 Open Humanities Open Culture. 9. Tagung des Verbands ""Digital Humanities im deutschsprachigen Raum""",https://dhd2023.dig-hum.de/,"[{'affiliation': 'Universität Potsdam, Deutschland', 'name': 'Trilcke, Peer', 'orcid': '0000-0002-1421-4320', 'type': 'Editor'}, {'affiliation': 'Universität Potsdam, Deutschland', 'name': 'Busch, Anna', 'orcid': '0000-0001-5584-4807', 'type': 'Editor'}, {'affiliation': 'Digital Humanities im deutschsprachigen Raum e.V., Deutschland', 'name': 'Helling, Patrick', 'orcid': '0000-0003-4043-165X', 'type': 'Editor'}]","[{'affiliation': 'Julius-Maximilians-Universität, Deutschland, Deutschland', 'name': 'Wintjes, Jorit'}, {'affiliation': 'Julius-Maximilians-Universität, Deutschland, Deutschland', 'name': 'Pielström, Steffen'}, {'affiliation': 'Julius-Maximilians-Universität, Deutschland, Deutschland', 'name': 'Bock, Sina'}]",Eine Posterpr&auml;sentation auf der 9. Tagung des Verbands &quot;Digital Humanities im deutschsprachigen Raum&quot; - DHd 2023 Open Humanities Open Culture,10.5281/zenodo.7711476,"['Konfliktsimulation', 'Modellierung', 'facilitator-based-simulations', 'agent-based simulations', 'Programmierung', 'Modellierung', 'Lehre', 'DHd2023']",CC-BY-4.0,"{'doi': '10.5281/zenodo.7711476', 'recid': 7711476}",2023-03-10,"[{'identifier': '10.5281/zenodo.7715769', 'relation': 'isSupplementTo', 'resource_type': 'publication-conferencepaper', 'scheme': 'doi'}]",Die historische Konfliktsimulation als wissenschaftliches Modellierungsproblem in der Lehre,poster,10.5281/zenodo.7711475,['DHd2023_159_Wintjes_Die historische Konfliktsimulation als wissenschaftliches Modellierungsproblem_b.pdf']
open,"[{'identifier': 'dhd'}, {'identifier': 'zenodo'}]",DHd 2023,13.03.2023-17.03.2023,"Trier, Luxemburg","DHd 2023 Open Humanities Open Culture. 9. Tagung des Verbands ""Digital Humanities im deutschsprachigen Raum""",https://dhd2023.dig-hum.de/,"[{'affiliation': 'Universität Potsdam, Deutschland', 'name': 'Trilcke, Peer', 'orcid': '0000-0002-1421-4320', 'type': 'Editor'}, {'affiliation': 'Universität Potsdam, Deutschland', 'name': 'Busch, Anna', 'orcid': '0000-0001-5584-4807', 'type': 'Editor'}, {'affiliation': 'Digital Humanities im deutschsprachigen Raum e.V., Deutschland', 'name': 'Helling, Patrick', 'orcid': '0000-0003-4043-165X', 'type': 'Editor'}]","[{'affiliation': 'Julius-Maximilians-Universität Würzburg, Deutschland', 'name': 'Hilger, Agnes', 'orcid': '0000-0002-7636-341X'}]",Eine Posterpr&auml;sentation auf der 9. Tagung des Verbands &quot;Digital Humanities im deutschsprachigen Raum&quot; - DHd 2023 Open Humanities Open Culture,10.5281/zenodo.7711478,"['Beschreibung', 'Telling', 'Showing', 'Literaturgeschichte', 'Roman', 'Inhaltsanalyse', 'Modellierung', 'Stilistische Analyse', 'Literatur', 'Forschungsergebnis', 'Text', 'DHd2023']",CC-BY-4.0,"{'doi': '10.5281/zenodo.7711478', 'recid': 7711478}",2023-03-10,"[{'identifier': 'Version 1 10.5281/zenodo.7715353', 'relation': 'isSupplementTo', 'resource_type': 'publication-conferencepaper', 'scheme': 'handle'}]","Dunkelgrün, blassgrün, fenchelgrün oder: Über die Konkretisierung des Vokabulars im deutschsprachigen Roman (1760–1920)",poster,10.5281/zenodo.7711477,"['DHd2023_160_Hilger_Dunkelgru╠ên, blassgru╠ên, fenchelgru╠ên oder_b.pdf']"
open,"[{'identifier': 'dhd'}, {'identifier': 'zenodo'}]",DHd 2023,13.03.2023-17.03.2023,"Trier, Luxemburg","DHd 2023 Open Humanities Open Culture. 9. Tagung des Verbands ""Digital Humanities im deutschsprachigen Raum""",https://dhd2023.dig-hum.de/,"[{'affiliation': 'Universität Potsdam, Deutschland', 'name': 'Trilcke, Peer', 'orcid': '0000-0002-1421-4320', 'type': 'Editor'}, {'affiliation': 'Universität Potsdam, Deutschland', 'name': 'Busch, Anna', 'orcid': '0000-0001-5584-4807', 'type': 'Editor'}, {'affiliation': 'Digital Humanities im deutschsprachigen Raum e.V., Deutschland', 'name': 'Helling, Patrick', 'orcid': '0000-0003-4043-165X', 'type': 'Editor'}]","[{'affiliation': 'Universität zu Köln, Cologne Center for eHumanities, Deutschland', 'name': 'Bigalke, Jan', 'orcid': '0000-0003-0721-9980'}, {'affiliation': 'Universität zu Köln, Cologne Center for eHumanities, Deutschland', 'name': 'Blumtritt, Jonathan', 'orcid': '0000-0002-1438-379X'}, {'affiliation': 'Universität zu Köln, Cologne Center for eHumanities, Deutschland', 'name': 'Gengnagel, Tessa', 'orcid': '0000-0001-8820-5112'}]",Eine Posterpr&auml;sentation auf der 9. Tagung des Verbands &quot;Digital Humanities im deutschsprachigen Raum&quot; - DHd 2023 Open Humanities Open Culture,10.5281/zenodo.7711482,"['Digital History', 'Prosopographie', 'Sozialgeschichte', 'Sozialtopographie', 'Umwandlung', 'Räumliche Analyse', 'Modellierung', 'Netzwerkanalyse', 'Visualisierung', 'named entities', 'DHd2023']",CC-BY-4.0,"{'doi': '10.5281/zenodo.7711482', 'recid': 7711482}",2023-03-10,"[{'identifier': '10.5281/zenodo.7715269', 'relation': 'isSupplementTo', 'resource_type': 'publication-conferencepaper', 'scheme': 'doi'}]",Beginen in Köln: Von der Textdatenbank zur zeitgemäßen digitalen Auszeichnung und Analyse,poster,10.5281/zenodo.7711481,['DHd2023_161_Bigalke_Beginen in Ko╠êln_b.pdf']
open,"[{'identifier': 'dhd'}, {'identifier': 'zenodo'}]",DHd 2023,13.03.2023-17.03.2023,"Trier, Luxemburg","DHd 2023 Open Humanities Open Culture. 9. Tagung des Verbands ""Digital Humanities im deutschsprachigen Raum""",https://dhd2023.dig-hum.de/,"[{'affiliation': 'Universität Potsdam, Deutschland', 'name': 'Trilcke, Peer', 'orcid': '0000-0002-1421-4320', 'type': 'Editor'}, {'affiliation': 'Universität Potsdam, Deutschland', 'name': 'Busch, Anna', 'orcid': '0000-0001-5584-4807', 'type': 'Editor'}, {'affiliation': 'Digital Humanities im deutschsprachigen Raum e.V., Deutschland', 'name': 'Helling, Patrick', 'orcid': '0000-0003-4043-165X', 'type': 'Editor'}]","[{'affiliation': 'Universität Hamburg, Deutschland', 'name': 'Bläß, Sandra'}, {'affiliation': 'Universität Hamburg, Deutschland', 'name': 'Flüh, Marie', 'orcid': '0000-0002-1707-284X'}, {'affiliation': 'Universität Hamburg, Deutschland', 'name': 'Nantke, Julia', 'orcid': '0000-0002-8037-1009'}, {'affiliation': 'Universität Würzburg, Deutschland', 'name': 'Reul, Christian', 'orcid': '0000-0002-1776-1469'}]",Eine Posterpr&auml;sentation auf der 9. Tagung des Verbands &quot;Digital Humanities im deutschsprachigen Raum&quot; - DHd 2023 Open Humanities Open Culture,10.5281/zenodo.7711484,"['Digitale Edition', 'HTR', 'Named Entity Recognition', 'Briefanalyse', 'Teilen', 'Datenerkennung', 'Sammlung', 'Bilderfassung', 'Bearbeitung', 'Daten', 'DHd2023']",CC-BY-4.0,"{'doi': '10.5281/zenodo.7711484', 'recid': 7711484}",2023-03-10,"[{'identifier': '10.5281/zenodo.7715315', 'relation': 'isSupplementTo', 'resource_type': 'publication-conferencepaper', 'scheme': 'doi'}]","Analyse, Produktion, Reflexion: Nachnutzungsszenarien für Forschungsdaten am Beispiel der Daten des Projekts Dehmel digital",poster,10.5281/zenodo.7711483,"['DHd2023_166_Bla╠ê├ƒ_Analyse, Produktion, Reflexion_b.pdf']"
open,"[{'identifier': 'dhd'}, {'identifier': 'zenodo'}]",DHd 2023,13.03.2023-17.03.2023,"Trier, Luxemburg","DHd 2023 Open Humanities Open Culture. 9. Tagung des Verbands ""Digital Humanities im deutschsprachigen Raum""",https://dhd2023.dig-hum.de/,"[{'affiliation': 'Universität Potsdam, Deutschland', 'name': 'Trilcke, Peer', 'orcid': '0000-0002-1421-4320', 'type': 'Editor'}, {'affiliation': 'Universität Potsdam, Deutschland', 'name': 'Busch, Anna', 'orcid': '0000-0001-5584-4807', 'type': 'Editor'}, {'affiliation': 'Digital Humanities im deutschsprachigen Raum e.V., Deutschland', 'name': 'Helling, Patrick', 'orcid': '0000-0003-4043-165X', 'type': 'Editor'}]","[{'affiliation': 'TU Berlin, Deutschland', 'name': 'Dürfeld, Michael'}, {'affiliation': 'HU Berlin, Deutschland', 'name': 'Stein, Christian'}, {'affiliation': 'UdK Berlin, Deutschland', 'name': 'List, Ferdinand'}, {'affiliation': 'TU Berlin, Deutschland', 'name': 'Rahman, Zead'}, {'affiliation': 'UdK Berlin, Deutschland', 'name': 'Dias, Renata'}, {'affiliation': 'UdK Berlin, Deutschland', 'name': 'Thran, Niklas'}, {'affiliation': 'Uni Potsdam, Deutschland', 'name': 'Marschner, Michèle'}]",Eine Posterpr&auml;sentation auf der 9. Tagung des Verbands &quot;Digital Humanities im deutschsprachigen Raum&quot; - DHd 2023 Open Humanities Open Culture,10.5281/zenodo.7711486,"['Kollaboration', 'Architekturforschung', 'Vernetzungsplattform', 'Graphentechnologie', 'Akteursnetzwerk', 'Modellierung', 'Annotieren', 'Netzwerkanalyse', 'Bewertung', 'Kollaboration', 'Webentwicklung', 'DHd2023']",CC-BY-4.0,"{'doi': '10.5281/zenodo.7711486', 'recid': 7711486}",2023-03-10,"[{'identifier': '10.5281/zenodo.7715301', 'relation': 'isSupplementTo', 'resource_type': 'publication-conferencepaper', 'scheme': 'doi'}]",ARS - Architecture Research Stage,poster,10.5281/zenodo.7711485,['DHd2023_167_Du╠êrfeld_ARS - Architecture Research Stage_b.pdf']
open,"[{'identifier': 'dhd'}, {'identifier': 'zenodo'}]",DHd 2023,13.03.2023-17.03.2023,"Trier, Luxemburg","DHd 2023 Open Humanities Open Culture. 9. Tagung des Verbands ""Digital Humanities im deutschsprachigen Raum""",https://dhd2023.dig-hum.de/,"[{'affiliation': 'Universität Potsdam, Deutschland', 'name': 'Trilcke, Peer', 'orcid': '0000-0002-1421-4320', 'type': 'Editor'}, {'affiliation': 'Universität Potsdam, Deutschland', 'name': 'Busch, Anna', 'orcid': '0000-0001-5584-4807', 'type': 'Editor'}, {'affiliation': 'Digital Humanities im deutschsprachigen Raum e.V., Deutschland', 'name': 'Helling, Patrick', 'orcid': '0000-0003-4043-165X', 'type': 'Editor'}]","[{'affiliation': 'Leibniz-Institut für Deutsche Sprache, Deutschland', 'name': 'Brunner, Annelen', 'orcid': '0000-0002-2704-1190'}, {'affiliation': 'Leibniz-Institut für Deutsche Sprache, Deutschland', 'name': 'Katrin, Hein'}]",Eine Posterpr&auml;sentation auf der 9. Tagung des Verbands &quot;Digital Humanities im deutschsprachigen Raum&quot; - DHd 2023 Open Humanities Open Culture,10.5281/zenodo.7711488,"['Komposita', 'Muster', 'Webanwendung', 'Strukturanalyse', 'Annotieren', 'Webentwicklung', 'Visualisierung', 'Daten', 'Sprache', 'DHd2023']",CC-BY-4.0,"{'doi': '10.5281/zenodo.7711488', 'recid': 7711488}",2023-03-10,"[{'identifier': '10.5281/zenodo.7715273', 'relation': 'isSupplementTo', 'resource_type': 'publication-conferencepaper', 'scheme': 'doi'}]",KoMuX - Der Kompositamuster-Explorer,poster,10.5281/zenodo.7711487,['DHd2023_168_Brunner_KoMuX - Der Kompositamuster-Explorer_b.pdf']
open,"[{'identifier': 'dhd'}, {'identifier': 'zenodo'}]",DHd 2023,13.03.2023-17.03.2023,"Trier, Luxemburg","DHd 2023 Open Humanities Open Culture. 9. Tagung des Verbands ""Digital Humanities im deutschsprachigen Raum""",https://dhd2023.dig-hum.de/,"[{'affiliation': 'Universität Potsdam, Deutschland', 'name': 'Trilcke, Peer', 'orcid': '0000-0002-1421-4320', 'type': 'Editor'}, {'affiliation': 'Universität Potsdam, Deutschland', 'name': 'Busch, Anna', 'orcid': '0000-0001-5584-4807', 'type': 'Editor'}, {'affiliation': 'Digital Humanities im deutschsprachigen Raum e.V., Deutschland', 'name': 'Helling, Patrick', 'orcid': '0000-0003-4043-165X', 'type': 'Editor'}]","[{'affiliation': 'Theodor Fontane Gesellschaft e.V.', 'name': 'Brandes, Vanessa'}, {'affiliation': 'Universität Potsdam, Deutschland', 'name': 'Busch, Anna', 'orcid': '0000-0001-5584-4807'}, {'affiliation': 'Universität Potsdam', 'name': 'Trilcke, Peer', 'orcid': '0000-0002-1421-4320'}, {'affiliation': 'Theodor Fontane Gesellschaft e.V.; Theodor-Fontane-Archiv | Universität Potsdam', 'name': 'Zimmermann, Ronny'}]",Eine Posterpr&auml;sentation auf der 9. Tagung des Verbands &quot;Digital Humanities im deutschsprachigen Raum&quot; - DHd 2023 Open Humanities Open Culture,10.5281/zenodo.7711490,"['3D-Modell', 'Vermittlung', 'Kulturdaten', 'Open Archives', 'Gestaltung', 'Kommunikation', '3D-Bilder', 'Interaktion', 'Literatur', 'DHd2023']",CC-BY-4.0,"{'doi': '10.5281/zenodo.7711490', 'recid': 7711490}",2023-03-10,"[{'identifier': '10.5281/zenodo.7715512', 'relation': 'isSupplementTo', 'resource_type': 'publication-conferencepaper', 'scheme': 'doi'}]",Open Archives VR. Ein 3D-Modell des Theodor-Fontane-Archivs als interaktiver Erlebnis- und Kommunikationsraum,poster,10.5281/zenodo.7711489,['DHd2023_172_Brandes_Open Archives VR Ein 3D-Modell des Theodor-Fontane-Archivs_b.pdf']
open,"[{'identifier': 'dhd'}, {'identifier': 'zenodo'}]",DHd 2023,13.03.2023-17.03.2023,"Trier, Luxemburg","DHd 2023 Open Humanities Open Culture. 9. Tagung des Verbands ""Digital Humanities im deutschsprachigen Raum""",https://dhd2023.dig-hum.de/,"[{'affiliation': 'Universität Potsdam, Deutschland', 'name': 'Trilcke, Peer', 'orcid': '0000-0002-1421-4320', 'type': 'Editor'}, {'affiliation': 'Universität Potsdam, Deutschland', 'name': 'Busch, Anna', 'orcid': '0000-0001-5584-4807', 'type': 'Editor'}, {'affiliation': 'Digital Humanities im deutschsprachigen Raum e.V., Deutschland', 'name': 'Helling, Patrick', 'orcid': '0000-0003-4043-165X', 'type': 'Editor'}]","[{'affiliation': 'Sächsische Landesbibliothek - Staats- und Universitätsbibliothek Dresden (SLUB), Deutschland', 'name': 'Mayer, Desiree', 'orcid': '0000-0003-0958-886X'}, {'affiliation': 'Philipps-Universität Marburg, Deutschland', 'name': 'Kailus, Angela', 'orcid': '0000-0003-1514-2258'}]",Eine Posterpr&auml;sentation auf der 9. Tagung des Verbands &quot;Digital Humanities im deutschsprachigen Raum&quot; - DHd 2023 Open Humanities Open Culture,10.5281/zenodo.7711492,"['Beratung', 'Service', 'Hilfestellung', 'Daten', 'Metadaten', 'Forschung', 'Forschungsprozess', 'Standards', 'Werkzeuge', 'DHd2023']",CC-BY-4.0,"{'doi': '10.5281/zenodo.7711492', 'recid': 7711492}",2023-03-10,"[{'identifier': '10.5281/zenodo.7715428', 'relation': 'isSupplementTo', 'resource_type': 'publication-conferencepaper', 'scheme': 'doi'}]",Der NFDI4Culture Helpdesk – ein Beratungsangebot für die Kulturwissenschaften,poster,10.5281/zenodo.7711491,['DHd2023_174_Mayer_Der NFDI4Culture Helpdesk - ein Beratungsangebot fu╠êr die Kulturwissenschaften_b.pdf']
open,"[{'identifier': 'dhd'}, {'identifier': 'zenodo'}]",DHd 2023,13.03.2023-17.03.2023,"Trier, Luxemburg","DHd 2023 Open Humanities Open Culture. 9. Tagung des Verbands ""Digital Humanities im deutschsprachigen Raum""",https://dhd2023.dig-hum.de/,"[{'affiliation': 'Universität Potsdam, Deutschland', 'name': 'Trilcke, Peer', 'orcid': '0000-0002-1421-4320', 'type': 'Editor'}, {'affiliation': 'Universität Potsdam, Deutschland', 'name': 'Busch, Anna', 'orcid': '0000-0001-5584-4807', 'type': 'Editor'}, {'affiliation': 'Digital Humanities im deutschsprachigen Raum e.V., Deutschland', 'name': 'Helling, Patrick', 'orcid': '0000-0003-4043-165X', 'type': 'Editor'}]","[{'affiliation': 'Ruhr Universität Bochum, Deutschland', 'name': 'Gebhard, Henning', 'orcid': '0000-0001-7853-1950'}, {'affiliation': 'Karlsruhe Institute for Technology, Deutschland', 'name': 'Jha, Vandana', 'orcid': '0000-0002-6629-0042'}, {'affiliation': 'Karlsruhe Institute for Technology, Deutschland', 'name': 'Tögel, Philipp', 'orcid': '0000-0002-1791-0268'}, {'affiliation': 'Ruhr Universität Bochum, Deutschland', 'name': 'Dipper, Stefanie', 'orcid': '0000-0003-4357-9078'}, {'affiliation': 'Ruhr Universität Bochum, Deutschland', 'name': 'Elwert, Frederik', 'orcid': '0000-0001-9149-9377'}, {'affiliation': 'Karlsruhe Institute for Technology, Deutschland', 'name': 'Tonne, Danah', 'orcid': '0000-0001-6296-7282'}]","Eine Posterpräsentation auf der 9. Tagung des Verbands ""Digital Humanities im deutschsprachigen Raum"" - DHd 2023 Open Humanities Open Culture",10.5281/zenodo.7711496,"['Metaphern', 'Religion', 'Annotation', 'Thesaurus', 'Linked Open Data', 'Modellierung', 'Annotieren', 'Infrastruktur', 'Projekte', 'Forschung', 'virtuelle Forschungsumgebungen', 'DHd2023']",CC-BY-4.0,"{'doi': '10.5281/zenodo.7711496', 'recid': 7711496}",2023-03-10,,Metaphors of Religion,poster,10.5281/zenodo.7711495,['DHd2023_177_Gebhard_Metaphors of Religion_b.pdf']
open,"[{'identifier': 'dhd'}, {'identifier': 'zenodo'}]",DHd 2023,13.03.2023-17.03.2023,"Trier, Luxemburg","DHd 2023 Open Humanities Open Culture. 9. Tagung des Verbands ""Digital Humanities im deutschsprachigen Raum""",https://dhd2023.dig-hum.de/,"[{'affiliation': 'Universität Potsdam, Deutschland', 'name': 'Trilcke, Peer', 'orcid': '0000-0002-1421-4320', 'type': 'Editor'}, {'affiliation': 'Universität Potsdam, Deutschland', 'name': 'Busch, Anna', 'orcid': '0000-0001-5584-4807', 'type': 'Editor'}, {'affiliation': 'Digital Humanities im deutschsprachigen Raum e.V., Deutschland', 'name': 'Helling, Patrick', 'orcid': '0000-0003-4043-165X', 'type': 'Editor'}]","[{'affiliation': 'Germanisches Nationalmuseum, Deutschland', 'name': 'Fischeidl, Kathrin', 'orcid': '0000-0001-5508-7826'}]",Eine Posterpr&auml;sentation auf der 9. Tagung des Verbands &quot;Digital Humanities im deutschsprachigen Raum&quot; - DHd 2023 Open Humanities Open Culture,10.5281/zenodo.7711500,"['WissKI', 'Archive', 'CIDOC CRM', 'Modellierung', 'Archivierung', 'Daten', 'Metadaten', 'Software', 'virtuelle Forschungsumgebungen', 'DHd2023']",CC-BY-4.0,"{'doi': '10.5281/zenodo.7711500', 'recid': 7711500}",2023-03-10,"[{'identifier': '10.5281/zenodo.7715309', 'relation': 'isSupplementTo', 'resource_type': 'publication-conferencepaper', 'scheme': 'doi'}]",das Deutsche Kunstarchiv auf neuen Wegen,poster,10.5281/zenodo.7711499,['DHd2023_178_Fischeidl_das Deutsche Kunstarchiv auf neuen Wegen_b.pdf']
open,"[{'identifier': 'dhd'}, {'identifier': 'zenodo'}]",DHd 2023,13.03.2023-17.03.2023,"Trier, Luxemburg","DHd 2023 Open Humanities Open Culture. 9. Tagung des Verbands ""Digital Humanities im deutschsprachigen Raum""",https://dhd2023.dig-hum.de/,"[{'affiliation': 'Universität Potsdam, Deutschland', 'name': 'Trilcke, Peer', 'orcid': '0000-0002-1421-4320', 'type': 'Editor'}, {'affiliation': 'Universität Potsdam, Deutschland', 'name': 'Busch, Anna', 'orcid': '0000-0001-5584-4807', 'type': 'Editor'}, {'affiliation': 'Digital Humanities im deutschsprachigen Raum e.V., Deutschland', 'name': 'Helling, Patrick', 'orcid': '0000-0003-4043-165X', 'type': 'Editor'}]","[{'affiliation': 'Sächsische Akademie der Wissenschaften zu Leipzig, Deutschland', 'name': 'Radisch, Erik'}]",Eine Posterpr&auml;sentation auf der 9. Tagung des Verbands &quot;Digital Humanities im deutschsprachigen Raum&quot; - DHd 2023 Open Humanities Open Culture,10.5281/zenodo.7711502,"['Neuronale Netze', 'Bildannotation', 'Semi-Automatisierung', 'Bilderfassung', 'Annotieren', 'Archivierung', 'Bilder', 'Forschungsprozess', 'DHd2023']",CC-BY-4.0,"{'doi': '10.5281/zenodo.7711502', 'recid': 7711502}",2023-03-10,"[{'identifier': '10.5281/zenodo.7715454', 'relation': 'isSupplementTo', 'resource_type': 'publication-conferencepaper', 'scheme': 'doi'}]",Buddhist Murals of Kucha on the Northern Silk Road. Ein Versuch der Semi-Automatisierung der Annotierung,poster,10.5281/zenodo.7711501,['DHd2023_183_Radisch_Buddhist Murals of Kucha on the Northern Silk Road Ein Versuch der Semi-Automatisierung_b.pdf']
open,"[{'identifier': 'dhd'}, {'identifier': 'zenodo'}]",DHd 2023,13.03.2023-17.03.2023,"Trier, Luxemburg","DHd 2023 Open Humanities Open Culture. 9. Tagung des Verbands ""Digital Humanities im deutschsprachigen Raum""",https://dhd2023.dig-hum.de/,"[{'affiliation': 'Universität Potsdam, Deutschland', 'name': 'Trilcke, Peer', 'orcid': '0000-0002-1421-4320', 'type': 'Editor'}, {'affiliation': 'Universität Potsdam, Deutschland', 'name': 'Busch, Anna', 'orcid': '0000-0001-5584-4807', 'type': 'Editor'}, {'affiliation': 'Digital Humanities im deutschsprachigen Raum e.V., Deutschland', 'name': 'Helling, Patrick', 'orcid': '0000-0003-4043-165X', 'type': 'Editor'}]","[{'affiliation': 'Universität Hamburg, Deutschland', 'name': 'Fischer, Tim', 'orcid': '0000-0003-2560-5623'}, {'affiliation': 'Universität Hamburg, Deutschland', 'name': 'Eiser, Isabel', 'orcid': '0000-0003-0923-3735'}, {'affiliation': 'Universität Hamburg, Deutschland', 'name': 'Schneider, Florian', 'orcid': '0000-0003-4141-1415'}, {'affiliation': 'Universität Hamburg, Deutschland', 'name': 'Petersen-Frey, Fynn', 'orcid': '0000-0001-6450-8100'}, {'affiliation': 'Universität Hamburg, Deutschland', 'name': 'Biemann, Chris', 'orcid': '0000-0002-8449-9624'}, {'affiliation': 'Universität Hamburg, Deutschland', 'name': 'Koch, Gertraud', 'orcid': '0000-0002-2457-3335'}]",Eine Posterpr&auml;sentation auf der 9. Tagung des Verbands &quot;Digital Humanities im deutschsprachigen Raum&quot; - DHd 2023 Open Humanities Open Culture,10.5281/zenodo.7711504,"['D-WISE', 'D-WISE Tool Suite', 'DWTS', 'WDA', 'GT', 'Wissenssoziologische Diskursanalyse', 'Grounded Theory', 'Datenerkennung', 'Entdeckung', 'Programmierung', 'Inhaltsanalyse', 'Annotieren', 'Webentwicklung', 'DHd2023']",CC-BY-4.0,"{'doi': '10.5281/zenodo.7711504', 'recid': 7711504}",2023-03-10,"[{'identifier': '10.5281/zenodo.7715313', 'relation': 'isSupplementTo', 'resource_type': 'publication-conferencepaper', 'scheme': 'doi'}]",D-WISE - Digitale Wissenssoziologische Diskursanalyse,poster,10.5281/zenodo.7711503,['DHd2023_185_Fischer_D-WISE - Digitale Wissenssoziologische Diskursanalyse_b.pdf']
open,"[{'identifier': 'dhd'}, {'identifier': 'zenodo'}]",DHd 2023,13.03.2023-17.03.2023,"Trier, Luxemburg","DHd 2023 Open Humanities Open Culture. 9. Tagung des Verbands ""Digital Humanities im deutschsprachigen Raum""",https://dhd2023.dig-hum.de/,"[{'affiliation': 'Universität Potsdam, Deutschland', 'name': 'Trilcke, Peer', 'orcid': '0000-0002-1421-4320', 'type': 'Editor'}, {'affiliation': 'Universität Potsdam, Deutschland', 'name': 'Busch, Anna', 'orcid': '0000-0001-5584-4807', 'type': 'Editor'}, {'affiliation': 'Digital Humanities im deutschsprachigen Raum e.V., Deutschland', 'name': 'Helling, Patrick', 'orcid': '0000-0003-4043-165X', 'type': 'Editor'}]","[{'affiliation': 'Universität Stuttgart, Deutschland', 'name': 'Ehlers, Lena', 'orcid': '0000-0002-8860-3740'}, {'affiliation': 'Universität Stuttgart, Deutschland', 'name': 'Andresen, Melanie', 'orcid': '0000-0002-3913-1273'}]",Eine Posterpr&auml;sentation auf der 9. Tagung des Verbands &quot;Digital Humanities im deutschsprachigen Raum&quot; - DHd 2023 Open Humanities Open Culture,10.5281/zenodo.7711508,"['Drama', 'Annotation', 'Computational Literary Studies', 'Datenerkennung', 'Strukturanalyse', 'Annotieren', 'Literatur', 'Text', 'DHd2023']",CC-BY-4.0,"{'doi': '10.5281/zenodo.7711508', 'recid': 7711508}",2023-03-10,"[{'identifier': '10.5281/zenodo.7715259', 'relation': 'isSupplementTo', 'resource_type': 'publication-conferencepaper', 'scheme': 'doi'}]",Klassifikation von Figurenauf- und -abtritten in XML-kodierten Dramen,poster,10.5281/zenodo.7711507,['DHd2023_191_Ehlers_Klassifikation von Figurenauf- und -abtritten in XML-kodierten Dramen_b.pdf']
open,"[{'identifier': 'dhd'}, {'identifier': 'zenodo'}]",DHd 2023,13.03.2023-17.03.2023,"Trier, Luxemburg","DHd 2023 Open Humanities Open Culture. 9. Tagung des Verbands ""Digital Humanities im deutschsprachigen Raum""",https://dhd2023.dig-hum.de/,"[{'affiliation': 'Universität Potsdam, Deutschland', 'name': 'Trilcke, Peer', 'orcid': '0000-0002-1421-4320', 'type': 'Editor'}, {'affiliation': 'Universität Potsdam, Deutschland', 'name': 'Busch, Anna', 'orcid': '0000-0001-5584-4807', 'type': 'Editor'}, {'affiliation': 'Digital Humanities im deutschsprachigen Raum e.V., Deutschland', 'name': 'Helling, Patrick', 'orcid': '0000-0003-4043-165X', 'type': 'Editor'}]","[{'affiliation': 'Deutsches Literaturarchiv Marbach, Deutschland', 'name': 'Holz, Alex'}, {'affiliation': 'Deutsches Literaturarchiv Marbach, Deutschland', 'name': 'Çakir, Dîlan Canan'}]",Eine Posterpr&auml;sentation auf der 9. Tagung des Verbands &quot;Digital Humanities im deutschsprachigen Raum&quot; - DHd 2023 Open Humanities Open Culture,10.5281/zenodo.7711511,"['Literaturarchiv', 'Born-Digitals', 'Nachlass', 'Friedrich Kittler', 'NSRL', 'Datenerkennung', 'Bereinigung', 'Archivierung', 'Identifizierung', 'Literatur', 'Metadaten', 'DHd2023']",CC-BY-4.0,"{'doi': '10.5281/zenodo.7711511', 'recid': 7711511}",2023-03-10,"[{'identifier': '10.5281/zenodo.7715546', 'relation': 'isSupplementTo', 'resource_type': 'publication-conferencepaper', 'scheme': 'doi'}]","Vom Finden, Filtern und Auswerten der relevanten Daten im digitalen Nachlass von Friedrich Kittler im Deutschen Literaturarchiv Marbach",poster,10.5281/zenodo.7711510,"['DHd2023_192_Holz_Vom Finden, Filtern und Auswerten der relevanten Daten_b.pdf']"
open,"[{'identifier': 'dhd'}, {'identifier': 'zenodo'}]",DHd 2023,13.03.2023-17.03.2023,"Trier, Luxemburg","DHd 2023 Open Humanities Open Culture. 9. Tagung des Verbands ""Digital Humanities im deutschsprachigen Raum""",https://dhd2023.dig-hum.de/,"[{'affiliation': 'Universität Potsdam, Deutschland', 'name': 'Trilcke, Peer', 'orcid': '0000-0002-1421-4320', 'type': 'Editor'}, {'affiliation': 'Universität Potsdam, Deutschland', 'name': 'Busch, Anna', 'orcid': '0000-0001-5584-4807', 'type': 'Editor'}, {'affiliation': 'Digital Humanities im deutschsprachigen Raum e.V., Deutschland', 'name': 'Helling, Patrick', 'orcid': '0000-0003-4043-165X', 'type': 'Editor'}]","[{'affiliation': 'Universität Potsdam, Deutschland', 'name': 'Börner, Ingo', 'orcid': '0000-0001-8294-2541'}, {'affiliation': 'Freie Universität Berlin, Deutschland', 'name': 'Fischer, Frank', 'orcid': '0000-0003-2419-6629'}, {'affiliation': 'Universität Potsdam', 'name': 'Giovannini, Luca'}, {'affiliation': 'University of Oxford', 'name': 'Lu, Christopher'}, {'affiliation': 'Universität Potsdam, Deutschland', 'name': 'Milling, Carsten'}, {'affiliation': 'Universität Potsdam, Deutschland', 'name': 'Skorinkin, Daniil', 'orcid': '0000-0002-1845-9974'}, {'affiliation': 'Universität Potsdam, Deutschland', 'name': 'Sluyter-Gäthje, Henny', 'orcid': '0000-0003-2969-3237'}, {'affiliation': 'Universität Potsdam, Deutschland', 'name': 'Trilcke, Peer', 'orcid': '0000-0002-1421-4320'}]",Eine Posterpr&auml;sentation auf der 9. Tagung des Verbands &quot;Digital Humanities im deutschsprachigen Raum&quot; - DHd 2023 Open Humanities Open Culture,10.5281/zenodo.7711513,"['corpus', 'drama', 'onboarding', 'Annotieren', 'Bearbeitung', 'Community-Bildung', 'Kollaboration', 'Literatur', 'Text', 'DHd2023']",CC-BY-4.0,"{'doi': '10.5281/zenodo.7711513', 'recid': 7711513}",2023-03-10,"[{'identifier': '10.5281/zenodo.7715333', 'relation': 'isSupplementTo', 'resource_type': 'publication-conferencepaper', 'scheme': 'doi'}]",Onboard onto DraCor. Prototyping Workflows to Homogenize Drama Corpora for an Open Infrastructure,poster,10.5281/zenodo.7711512,['DHd2023_199_Bo╠êrner_Onboard onto DraCor_b.pdf']
open,"[{'identifier': 'dhd'}, {'identifier': 'zenodo'}]",DHd 2023,13.03.2023-17.03.2023,"Trier, Luxemburg","DHd 2023 Open Humanities Open Culture. 9. Tagung des Verbands ""Digital Humanities im deutschsprachigen Raum""",https://dhd2023.dig-hum.de/,"[{'affiliation': 'Universität Potsdam, Deutschland', 'name': 'Trilcke, Peer', 'orcid': '0000-0002-1421-4320', 'type': 'Editor'}, {'affiliation': 'Universität Potsdam, Deutschland', 'name': 'Busch, Anna', 'orcid': '0000-0001-5584-4807', 'type': 'Editor'}, {'affiliation': 'Digital Humanities im deutschsprachigen Raum e.V., Deutschland', 'name': 'Helling, Patrick', 'orcid': '0000-0003-4043-165X', 'type': 'Editor'}]","[{'affiliation': 'Karlsruher Institut für Technologie, Deutschland', 'name': 'Frank, Laura'}, {'affiliation': 'Freie Universität Berlin, Deutschland', 'name': 'Eichhorst, Dana'}, {'affiliation': 'Freie Universität Berlin, Deutschland', 'name': 'Ullrich, Rebecca'}, {'affiliation': 'Freie Universität Berlin, Deutschland', 'name': 'Haddassah Wendl, Katharina'}, {'affiliation': 'Freie Universität Berlin, Deutschland', 'name': 'Martini, Annett'}, {'affiliation': 'Karlsruher Institut für Technologie, Deutschland', 'name': 'Tonne, Danah'}]",Eine Posterpr&auml;sentation auf der 9. Tagung des Verbands &quot;Digital Humanities im deutschsprachigen Raum&quot; - DHd 2023 Open Humanities Open Culture,10.5281/zenodo.7711515,"['Virtuelle Torarolle', 'Annotationen', 'Editionen', 'Tora', 'Midrasch', 'Tagin', 'Otijjot Meshunnot', 'Kodikologie', 'Transkription', 'Beziehungsanalyse', 'Annotieren', 'Manuskript', 'Standards', 'Visualisierung', 'DHd2023']",CC-BY-4.0,"{'doi': '10.5281/zenodo.7711515', 'recid': 7711515}",2023-03-10,"[{'identifier': '10.5281/zenodo.7715864', 'relation': 'isSupplementTo', 'resource_type': 'publication-conferencepaper', 'scheme': 'doi'}]",Schrifttradition digital: Rituell reine Torarollen in der jüdischen Diaspora,poster,10.5281/zenodo.7711514,['DHd2023_205_Frank_Schrifttradition digital_b.pdf']
open,"[{'identifier': 'dhd'}, {'identifier': 'zenodo'}]",DHd 2023,13.03.2023-17.03.2023,"Trier, Luxemburg","DHd 2023 Open Humanities Open Culture. 9. Tagung des Verbands ""Digital Humanities im deutschsprachigen Raum""",https://dhd2023.dig-hum.de/,"[{'affiliation': 'Universität Potsdam, Deutschland', 'name': 'Trilcke, Peer', 'orcid': '0000-0002-1421-4320', 'type': 'Editor'}, {'affiliation': 'Universität Potsdam, Deutschland', 'name': 'Busch, Anna', 'orcid': '0000-0001-5584-4807', 'type': 'Editor'}, {'affiliation': 'Digital Humanities im deutschsprachigen Raum e.V., Deutschland', 'name': 'Helling, Patrick', 'orcid': '0000-0003-4043-165X', 'type': 'Editor'}]","[{'affiliation': 'Universität Stuttgart, Deutschland', 'name': 'Andresen, Melanie', 'orcid': '0000-0002-3913-1273'}, {'affiliation': 'Universitätsbibliothek Stuttgart, Deutschland', 'name': 'Gaertner, Markus'}, {'affiliation': 'Georg-August-Universität Göttingen, Seminar für Deutsche Philologie, Deutschland', 'name': 'Jacke, Janina'}, {'affiliation': 'Universität Stuttgart, Deutschland', 'name': 'Ketschik, Nora'}, {'affiliation': 'Universität Stuttgart, Deutschland', 'name': 'Pichler, Axel'}]",Eine Posterpr&auml;sentation auf der 9. Tagung des Verbands &quot;Digital Humanities im deutschsprachigen Raum&quot; - DHd 2023 Open Humanities Open Culture,10.5281/zenodo.7711518,"['Forschungsdaten', 'Textauszüge', 'Nachnutzung', 'Archivierung', 'Veröffentlichung', 'Daten', 'Methoden', 'Forschungsprozess', 'virtuelle Forschungsumgebungen', 'DHd2023']",CC-BY-4.0,"{'doi': '10.5281/zenodo.7711518', 'recid': 7711518}",2023-03-10,"[{'identifier': '10.5281/zenodo.7715448', 'relation': 'isSupplementTo', 'resource_type': 'publication-conferencepaper', 'scheme': 'doi'}]",Urheberrechtlich geschützte Texte nachnutzen – Der XSample-Workflow,poster,10.5281/zenodo.7711517,['DHd2023_207_Andresen_Urheberrechtlich geschu╠êtzte Texte nachnutzen - Der XSample-Workflow_b.pdf']
open,"[{'identifier': 'dhd'}, {'identifier': 'zenodo'}]",DHd 2023,13.03.2023-17.03.2023,"Trier, Luxemburg","DHd 2023 Open Humanities Open Culture. 9. Tagung des Verbands ""Digital Humanities im deutschsprachigen Raum""",https://dhd2023.dig-hum.de/,"[{'affiliation': 'Universität Potsdam, Deutschland', 'name': 'Trilcke, Peer', 'orcid': '0000-0002-1421-4320', 'type': 'Editor'}, {'affiliation': 'Universität Potsdam, Deutschland', 'name': 'Busch, Anna', 'orcid': '0000-0001-5584-4807', 'type': 'Editor'}, {'affiliation': 'Digital Humanities im deutschsprachigen Raum e.V., Deutschland', 'name': 'Helling, Patrick', 'orcid': '0000-0003-4043-165X', 'type': 'Editor'}]","[{'affiliation': 'Humboldt-Universität zu Berlin, Deutschland', 'name': 'Althage, Melanie', 'orcid': '0000-0001-5233-1061'}]",Eine Posterpr&auml;sentation auf der 9. Tagung des Verbands &quot;Digital Humanities im deutschsprachigen Raum&quot; - DHd 2023 Open Humanities Open Culture,10.5281/zenodo.7711522,"['Digital History', 'Methodenkritik', 'Topic Modeling', 'Programmierung', 'Inhaltsanalyse', 'Daten', 'Methoden', 'Forschungsprozess', 'Werkzeuge', 'DHd2023']",CC-BY-4.0,"{'doi': '10.5281/zenodo.7711522', 'recid': 7711522}",2023-03-10,"[{'identifier': '10.5281/zenodo.7715257', 'relation': 'isSupplementTo', 'resource_type': 'publication-conferencepaper', 'scheme': 'doi'}]",Digitale Methoden kritisch reflektieren – Die Erweiterung des Werkzeugkastens der Historiker:innen,poster,10.5281/zenodo.7711521,['DHd2023_208_Althage_Digitale Methoden kritisch reflektieren - Die Erweiterung des Werkzeugkastens der H_b.pdf']
open,"[{'identifier': 'dhd'}, {'identifier': 'zenodo'}]",DHd 2023,13.03.2023-17.03.2023,"Trier, Luxemburg","DHd 2023 Open Humanities Open Culture. 9. Tagung des Verbands ""Digital Humanities im deutschsprachigen Raum""",https://dhd2023.dig-hum.de/,"[{'affiliation': 'Universität Potsdam, Deutschland', 'name': 'Trilcke, Peer', 'orcid': '0000-0002-1421-4320', 'type': 'Editor'}, {'affiliation': 'Universität Potsdam, Deutschland', 'name': 'Busch, Anna', 'orcid': '0000-0001-5584-4807', 'type': 'Editor'}, {'affiliation': 'Digital Humanities im deutschsprachigen Raum e.V., Deutschland', 'name': 'Helling, Patrick', 'orcid': '0000-0003-4043-165X', 'type': 'Editor'}]","[{'affiliation': 'Österreichische Akademie der Wissenschaften, Österreich', 'name': 'Mayer, Manuela', 'orcid': '0000-0001-5311-2864'}, {'affiliation': 'Österreichische Akademie der Wissenschaften, Österreich', 'name': 'Kurz, Stephan', 'orcid': '0000-0003-2546-2570'}, {'affiliation': 'Österreichische Akademie der Wissenschaften, Österreich', 'name': 'Yilmaz, Yasir', 'orcid': '0000-0001-5387-3532'}, {'affiliation': 'Zentrum für Informationsmodellierung Universität Graz, Österreich', 'name': 'Sonnberger, Jakob'}]",Eine Posterpr&auml;sentation auf der 9. Tagung des Verbands &quot;Digital Humanities im deutschsprachigen Raum&quot; - DHd 2023 Open Humanities Open Culture,10.5281/zenodo.7711524,"['Edition', 'Diplomatie', 'Frühe Neuzeit', 'Transkription', 'Annotieren', 'Kollaboration', 'DHd2023']",CC-BY-4.0,"{'doi': '10.5281/zenodo.7711524', 'recid': 7711524}",2023-03-10,"[{'identifier': '10.5281/zenodo.7715430', 'relation': 'isSupplementTo', 'resource_type': 'publication-conferencepaper', 'scheme': 'doi'}]",Das QhoD-Projekt: Digitale Edition von Quellen zur habsburgisch-osmanischen Diplomatie 1500-1918,poster,10.5281/zenodo.7711523,['DHd2023_210_Mayer_Das QhoD-Projekt_b.pdf']
open,"[{'identifier': 'dhd'}, {'identifier': 'zenodo'}]",DHd 2023,13.03.2023-17.03.2023,"Trier, Luxemburg","DHd 2023 Open Humanities Open Culture. 9. Tagung des Verbands ""Digital Humanities im deutschsprachigen Raum""",https://dhd2023.dig-hum.de/,"[{'affiliation': 'Universität Potsdam, Deutschland', 'name': 'Trilcke, Peer', 'orcid': '0000-0002-1421-4320', 'type': 'Editor'}, {'affiliation': 'Universität Potsdam, Deutschland', 'name': 'Busch, Anna', 'orcid': '0000-0001-5584-4807', 'type': 'Editor'}, {'affiliation': 'Digital Humanities im deutschsprachigen Raum e.V., Deutschland', 'name': 'Helling, Patrick', 'orcid': '0000-0003-4043-165X', 'type': 'Editor'}]","[{'affiliation': 'Computational Humanities, Universität Leipzig, Deutschland', 'name': 'Burghardt, Manuel'}, {'affiliation': 'Computational Humanities, Universität Leipzig, Deutschland', 'name': 'Ruth, Nicolas'}, {'affiliation': 'Computational Humanities, Universität Leipzig, Deutschland', 'name': 'Niekler, Andreas'}]",Eine Posterpr&auml;sentation auf der 9. Tagung des Verbands &quot;Digital Humanities im deutschsprachigen Raum&quot; - DHd 2023 Open Humanities Open Culture,10.5281/zenodo.7711528,"['RoBERTa', 'tool studies', 'software entity recognition', 'Inhaltsanalyse', 'Annotieren', 'Text', 'DHd2023']",CC-BY-4.0,"{'doi': '10.5281/zenodo.7711528', 'recid': 7711528}",2023-03-10,"[{'identifier': '10.5281/zenodo.7715899', 'relation': 'isSupplementTo', 'resource_type': 'publication-conferencepaper', 'scheme': 'doi'}]",Tool Studies 2.0 – Zum Potenzial von Transformern für die Erkennung und Klassifikation von Software-Tools in DH-Publikationen,poster,10.5281/zenodo.7711527,['DHd2023_217_Burghardt_Tool Studies 20 - Zum Potenzial von Transformern fu╠êr die Erkennung_b.pdf']
open,"[{'identifier': 'dhd'}, {'identifier': 'zenodo'}]",DHd 2023,13.03.2023-17.03.2023,"Trier, Luxemburg","DHd 2023 Open Humanities Open Culture. 9. Tagung des Verbands ""Digital Humanities im deutschsprachigen Raum""",https://dhd2023.dig-hum.de/,"[{'affiliation': 'Universität Potsdam, Deutschland', 'name': 'Trilcke, Peer', 'orcid': '0000-0002-1421-4320', 'type': 'Editor'}, {'affiliation': 'Universität Potsdam, Deutschland', 'name': 'Busch, Anna', 'orcid': '0000-0001-5584-4807', 'type': 'Editor'}, {'affiliation': 'Digital Humanities im deutschsprachigen Raum e.V., Deutschland', 'name': 'Helling, Patrick', 'orcid': '0000-0003-4043-165X', 'type': 'Editor'}]","[{'affiliation': 'Universität zu Köln, Deutschland', 'name': 'Dieckmann, Lisa', 'orcid': '0000-0002-1708-7371'}, {'affiliation': 'Universitätsbibliothek Braunschweig, Deutschland', 'name': 'Steyer, Timo', 'orcid': '0000-0003-0218-2269'}, {'affiliation': 'Universität Luxemburg, Luxemburg', 'name': 'Walkowski, Niels-Oliver', 'orcid': '0000-0003-3043-3010'}, {'affiliation': 'Universität Trier, Deutschland', 'name': 'Weis, Joëlle', 'orcid': '0000-0002-0080-4362'}, {'affiliation': 'Fachhochschule Potsdam, Deutschland', 'name': 'Wuttke, Ulrike', 'orcid': '0000-0002-8217-4025'}]",Eine Posterpr&auml;sentation auf der 9. Tagung des Verbands &quot;Digital Humanities im deutschsprachigen Raum&quot; - DHd 2023 Open Humanities Open Culture,10.5281/zenodo.7711530,"['Publikation', 'Experimente', 'Kooperation', 'Kommunikation', 'Community-Bildung', 'Veröffentlichung', 'Kollaboration', 'Kommentierung', 'Projektmanagement', 'DHd2023']",CC-BY-4.0,"{'doi': '10.5281/zenodo.7711530', 'recid': 7711530}",2023-03-10,"[{'identifier': '10.5281/zenodo.7715532', 'relation': 'isSupplementTo', 'resource_type': 'publication-conferencepaper', 'scheme': 'doi'}]",Fabrikation von Erkenntnis: Experimente in den Digital Humanities,poster,10.5281/zenodo.7711529,['DHd2023_219_Dieckmann_Fabrikation von Erkenntnis_b.pdf']
open,"[{'identifier': 'dhd'}, {'identifier': 'zenodo'}]",DHd 2023,13.03.2023-17.03.2023,"Trier, Luxemburg","DHd 2023 Open Humanities Open Culture. 9. Tagung des Verbands ""Digital Humanities im deutschsprachigen Raum""",https://dhd2023.dig-hum.de/,"[{'affiliation': 'Universität Potsdam, Deutschland', 'name': 'Trilcke, Peer', 'orcid': '0000-0002-1421-4320', 'type': 'Editor'}, {'affiliation': 'Universität Potsdam, Deutschland', 'name': 'Busch, Anna', 'orcid': '0000-0001-5584-4807', 'type': 'Editor'}, {'affiliation': 'Digital Humanities im deutschsprachigen Raum e.V., Deutschland', 'name': 'Helling, Patrick', 'orcid': '0000-0003-4043-165X', 'type': 'Editor'}]","[{'affiliation': 'Universität Göttingen, Deutschland', 'name': 'Haider, Thomas Nikolaus'}, {'affiliation': 'Universität Göttingen, Deutschland', 'name': 'Schennach, Stephanie'}, {'affiliation': 'Universität Göttingen, Deutschland', 'name': 'Thelen, Julius'}, {'affiliation': 'Universität Göttingen, Deutschland', 'name': 'Wesche, Jörg'}]",Eine Posterpr&auml;sentation auf der 9. Tagung des Verbands &quot;Digital Humanities im deutschsprachigen Raum&quot; - DHd 2023 Open Humanities Open Culture,10.5281/zenodo.7711534,"['Wikibase', 'Poetik', 'Barock', 'Konfession', 'Religion', 'Linked Open Data', 'Modellierung', 'Organisation', 'Literatur', 'Metadaten', 'Text', 'DHd2023']",CC-BY-4.0,"{'doi': '10.5281/zenodo.7711534', 'recid': 7711534}",2023-03-10,"[{'identifier': '10.5281/zenodo.7715343', 'relation': 'isSupplementTo', 'resource_type': 'publication-conferencepaper', 'scheme': 'doi'}]",Barockpoetik als Wikibase: Eine Datenbank zu konfessionsgeschichtlichen Aspekten in deutschen Barockpoetiken,poster,10.5281/zenodo.7711533,['DHd2023_226_Haider_Barockpoetik als Wikibase_b.pdf']
open,"[{'identifier': 'dhd'}, {'identifier': 'zenodo'}]",DHd 2023,13.03.2023-17.03.2023,"Trier, Luxemburg","DHd 2023 Open Humanities Open Culture. 9. Tagung des Verbands ""Digital Humanities im deutschsprachigen Raum""",https://dhd2023.dig-hum.de/,"[{'affiliation': 'Universität Potsdam, Deutschland', 'name': 'Trilcke, Peer', 'orcid': '0000-0002-1421-4320', 'type': 'Editor'}, {'affiliation': 'Universität Potsdam, Deutschland', 'name': 'Busch, Anna', 'orcid': '0000-0001-5584-4807', 'type': 'Editor'}, {'affiliation': 'Digital Humanities im deutschsprachigen Raum e.V., Deutschland', 'name': 'Helling, Patrick', 'orcid': '0000-0003-4043-165X', 'type': 'Editor'}]","[{'affiliation': 'Christian-Albrechts-Universität zu Kiel, Deutschland', 'name': 'Christ, Andreas', 'orcid': '0000-0002-3591-2355'}, {'affiliation': 'Christian-Albrechts-Universität zu Kiel, Deutschland', 'name': 'Diebel, Richard', 'orcid': '0000-0001-7525-7175'}, {'affiliation': 'Christian-Albrechts-Universität zu Kiel, Deutschland', 'name': 'Henzel, Katrin', 'orcid': '0000-0001-8260-223X'}, {'affiliation': 'Christian-Albrechts-Universität zu Kiel, Deutschland', 'name': 'Petersen, Britta', 'orcid': '0000-0002-0355-2594'}, {'affiliation': 'Christian-Albrechts-Universität zu Kiel, Deutschland', 'name': 'Vetter, Angila', 'orcid': '0000-0001-7662-191X'}]",Eine Posterpr&auml;sentation auf der 9. Tagung des Verbands &quot;Digital Humanities im deutschsprachigen Raum&quot; - DHd 2023 Open Humanities Open Culture,10.5281/zenodo.7711536,"['Partizipative Forschung', 'FAIRe Lehre', 'OER', 'Citizen Science', 'Inklusion', 'Open Cultural Heritage Data', 'Teilen', 'Community-Bildung', 'Kollaboration', 'Lehre', 'Curricula', 'Infrastruktur', 'DHd2023']",CC-BY-4.0,"{'doi': '10.5281/zenodo.7711536', 'recid': 7711536}",2023-03-10,"[{'identifier': '10.5281/zenodo.7715283', 'relation': 'isSupplementTo', 'resource_type': 'publication-conferencepaper', 'scheme': 'doi'}]",Digitale Interaktion auf Augenhöhe – drei Wege zu partizipativer Forschung und FAIRer Lehre an der UB Kiel,poster,10.5281/zenodo.7711535,['DHd2023_228_Christ_Digitale Interaktion auf Augenho╠êhe - drei Wege zu partizipativer Forschung_b.pdf']
open,"[{'identifier': 'dhd'}, {'identifier': 'zenodo'}]",DHd 2023,13.03.2023-17.03.2023,"Trier, Luxemburg","DHd 2023 Open Humanities Open Culture. 9. Tagung des Verbands ""Digital Humanities im deutschsprachigen Raum""",https://dhd2023.dig-hum.de/,"[{'affiliation': 'Universität Potsdam, Deutschland', 'name': 'Trilcke, Peer', 'orcid': '0000-0002-1421-4320', 'type': 'Editor'}, {'affiliation': 'Universität Potsdam, Deutschland', 'name': 'Busch, Anna', 'orcid': '0000-0001-5584-4807', 'type': 'Editor'}, {'affiliation': 'Digital Humanities im deutschsprachigen Raum e.V., Deutschland', 'name': 'Helling, Patrick', 'orcid': '0000-0003-4043-165X', 'type': 'Editor'}]","[{'affiliation': 'Freie Universität Berlin, Deutschland', 'name': 'Grote, Brigitte'}, {'affiliation': 'Freie Universität Berlin, Deutschland', 'name': 'Strobl, Maren'}]",Eine Posterpr&auml;sentation auf der 9. Tagung des Verbands &quot;Digital Humanities im deutschsprachigen Raum&quot; - DHd 2023 Open Humanities Open Culture,10.5281/zenodo.7711538,"['Digitales Publizieren', 'Publikationsumgebung', 'Open Encyclopedia System', 'offene Publikationsformate', 'Veröffentlichung', 'Kollaboration', 'Webentwicklung', 'Forschung', 'Software', 'DHd2023']",CC-BY-4.0,"{'doi': '10.5281/zenodo.7711538', 'recid': 7711538}",2023-03-10,"[{'identifier': '10.5281/zenodo.7715797', 'relation': 'isSupplementTo', 'resource_type': 'publication-conferencepaper', 'scheme': 'doi'}]","Lemmabasierte Publikationsformate weiter denken mit dem ""Open Encyclopedia System""",poster,10.5281/zenodo.7711537,['DHd2023_249_Grote_Lemmabasierte Publikationsformate weiter denken mit dem Open Encyclopedia System_b.pdf']
open,"[{'identifier': 'dhd'}, {'identifier': 'zenodo'}]",DHd 2023,13.03.2023-17.03.2023,"Trier, Luxemburg","DHd 2023 Open Humanities Open Culture. 9. Tagung des Verbands ""Digital Humanities im deutschsprachigen Raum""",https://dhd2023.dig-hum.de/,"[{'affiliation': 'Universität Potsdam, Deutschland', 'name': 'Trilcke, Peer', 'orcid': '0000-0002-1421-4320', 'type': 'Editor'}, {'affiliation': 'Universität Potsdam, Deutschland', 'name': 'Busch, Anna', 'orcid': '0000-0001-5584-4807', 'type': 'Editor'}, {'affiliation': 'Digital Humanities im deutschsprachigen Raum e.V., Deutschland', 'name': 'Helling, Patrick', 'orcid': '0000-0003-4043-165X', 'type': 'Editor'}]","[{'affiliation': 'Technische Universität Darmstadt, Deutschland', 'name': 'Häußler, Julian', 'orcid': '0000-0001-7490-8570'}]",Eine Posterpr&auml;sentation auf der 9. Tagung des Verbands &quot;Digital Humanities im deutschsprachigen Raum&quot; - DHd 2023 Open Humanities Open Culture,10.5281/zenodo.7711542,"['Digitale Literaturwissenschaft', 'Quantitative Textanalyse', 'Fanfiction', 'Inhaltsanalyse', 'Visualisierung', 'Literatur', 'DHd2023']",CC-BY-4.0,"{'doi': '10.5281/zenodo.7711542', 'recid': 7711542}",2023-03-10,"[{'identifier': '10.5281/zenodo.7715374', 'relation': 'isSupplementTo', 'resource_type': 'publication-conferencepaper', 'scheme': 'doi'}]",Fanfiction Semantics - Eine quantitative Analyse sensibler Themen in deutscher Fanfiction,poster,10.5281/zenodo.7711541,['DHd2023_253_Ha╠êu├ƒler_Fanfiction Semantics_b.pdf']
open,"[{'identifier': 'dhd'}, {'identifier': 'zenodo'}]",DHd 2023,13.03.2023-17.03.2023,"Trier, Luxemburg","DHd 2023 Open Humanities Open Culture. 9. Tagung des Verbands ""Digital Humanities im deutschsprachigen Raum""",https://dhd2023.dig-hum.de/,"[{'affiliation': 'Universität Potsdam, Deutschland', 'name': 'Trilcke, Peer', 'orcid': '0000-0002-1421-4320', 'type': 'Editor'}, {'affiliation': 'Universität Potsdam, Deutschland', 'name': 'Busch, Anna', 'orcid': '0000-0001-5584-4807', 'type': 'Editor'}, {'affiliation': 'Digital Humanities im deutschsprachigen Raum e.V., Deutschland', 'name': 'Helling, Patrick', 'orcid': '0000-0003-4043-165X', 'type': 'Editor'}]","[{'affiliation': 'Leibniz-Institut für Bildungsmedien | Georg Eckert-Institut, Deutschland', 'name': 'Klaes, Jan Sebastian', 'orcid': '0000-0003-3597-7017'}, {'affiliation': 'Leibniz-Institut für Bildungsmedien | Georg Eckert-Institut, Deutschland', 'name': 'Krüger, Katharina'}, {'affiliation': 'Leibniz-Institut für Bildungsmedien | Georg Eckert-Institut, Deutschland', 'name': 'Leonhardt, Susann'}, {'affiliation': 'Leibniz-Institut für Bildungsmedien | Georg Eckert-Institut, Deutschland', 'name': 'Nieländer, Maret'}, {'affiliation': 'Leibniz-Institut für Bildungsmedien | Georg Eckert-Institut, Deutschland', 'name': 'Sommer, Kai'}, {'affiliation': 'Leibniz-Institut für Bildungsmedien | Georg Eckert-Institut, Deutschland', 'name': 'Towara, Nadine'}]",Eine Posterpr&auml;sentation auf der 9. Tagung des Verbands &quot;Digital Humanities im deutschsprachigen Raum&quot; - DHd 2023 Open Humanities Open Culture,10.5281/zenodo.7711544,"['Bildungsmedien', 'Schulbücher', 'Digitale Bibliothek', 'Volltexte', 'Digitalisate', 'Sammlung', 'Webentwicklung', 'Daten', 'Bilder', 'Infrastruktur', 'DHd2023']",CC-BY-4.0,"{'doi': '10.5281/zenodo.7711544', 'recid': 7711544}",2023-03-10,"[{'identifier': '10.5281/zenodo.7715394', 'relation': 'isSupplementTo', 'resource_type': 'publication-conferencepaper', 'scheme': 'doi'}]",Die digitale Schulbuch-Bibliothek GEI-Digital im neuen Gewand: Ein modernes Präsentationssystem öffnet digitalisierte Schulbücher für die Open Humanities,poster,10.5281/zenodo.7711543,['DHd2023_254_Klaes_Die digitale Schulbuch-Bibliothek GEI-Digital im neuen Gewand_b.pdf']
open,"[{'identifier': 'dhd'}, {'identifier': 'zenodo'}]",DHd 2023,13.03.2023-17.03.2023,"Trier, Luxemburg","DHd 2023 Open Humanities Open Culture. 9. Tagung des Verbands ""Digital Humanities im deutschsprachigen Raum""",https://dhd2023.dig-hum.de/,"[{'affiliation': 'Universität Potsdam, Deutschland', 'name': 'Trilcke, Peer', 'orcid': '0000-0002-1421-4320', 'type': 'Editor'}, {'affiliation': 'Universität Potsdam, Deutschland', 'name': 'Busch, Anna', 'orcid': '0000-0001-5584-4807', 'type': 'Editor'}, {'affiliation': 'Digital Humanities im deutschsprachigen Raum e.V., Deutschland', 'name': 'Helling, Patrick', 'orcid': '0000-0003-4043-165X', 'type': 'Editor'}]","[{'affiliation': 'Universität Stuttgart, Institut für Maschinelle Sprachverarbeitung, Deutschland', 'name': 'Jung, Kerstin', 'orcid': '0000-0002-9548-8461'}, {'affiliation': 'Universität Stuttgart, Institut für Literaturwissenschaft, Deutschland', 'name': 'Hein, Pascal', 'orcid': '0000-0002-2138-3069'}, {'affiliation': 'Universität Stuttgart, Institut für Maschinelle Sprachverarbeitung, Deutschland', 'name': 'Blessing, André', 'orcid': '0000-0001-7573-578X'}, {'affiliation': 'Deutsches Literaturarchiv Marbach, Deutschland', 'name': 'Hess, Jan', 'orcid': '0000-0003-4162-2132'}, {'affiliation': 'Höchstleistungsrechenzentrum (HLRS), Universität Stuttgartz, Deutschland', 'name': 'Kushnarenko, Volodymyr', 'orcid': '0000-0001-7427-2410'}]",Eine Posterpr&auml;sentation auf der 9. Tagung des Verbands &quot;Digital Humanities im deutschsprachigen Raum&quot; - DHd 2023 Open Humanities Open Culture,10.5281/zenodo.7711546,"['Jupyter-Notebooks', 'ausführbarer Quellcode', 'Python', 'Teilen', 'Programmierung', 'Veröffentlichung', 'Visualisierung', 'Infrastruktur', 'Software', 'DHd2023']",CC-BY-4.0,"{'doi': '10.5281/zenodo.7711546', 'recid': 7711546}",2023-03-10,"[{'identifier': '10.5281/zenodo.7715382', 'relation': 'isSupplementTo', 'resource_type': 'publication-conferencepaper', 'scheme': 'doi'}]",Die Wahl der Mittel – Jupyter-Notebooks als Forschungsinfrastruktur,poster,10.5281/zenodo.7711545,['DHd2023_255_Jung_Die Wahl der Mittel - Jupyter-Notebooks als Forschungsinfrastruktur_b.pdf']
open,"[{'identifier': 'dhd'}, {'identifier': 'zenodo'}]",DHd 2023,13.03.2023-17.03.2023,"Trier, Luxemburg","DHd 2023 Open Humanities Open Culture. 9. Tagung des Verbands ""Digital Humanities im deutschsprachigen Raum""",https://dhd2023.dig-hum.de/,"[{'affiliation': 'Universität Potsdam, Deutschland', 'name': 'Trilcke, Peer', 'orcid': '0000-0002-1421-4320', 'type': 'Editor'}, {'affiliation': 'Universität Potsdam, Deutschland', 'name': 'Busch, Anna', 'orcid': '0000-0001-5584-4807', 'type': 'Editor'}, {'affiliation': 'Digital Humanities im deutschsprachigen Raum e.V., Deutschland', 'name': 'Helling, Patrick', 'orcid': '0000-0003-4043-165X', 'type': 'Editor'}]","[{'affiliation': 'Universität Graz, Österreich', 'name': 'Vogeler, Georg'}, {'affiliation': 'Universität Graz, Österreich', 'name': 'Luger, Daniel'}, {'affiliation': 'Universität Graz, Österreich', 'name': 'Nicolaou, Anguelos'}, {'affiliation': 'Universität Graz, Österreich', 'name': 'Kovacs, Tamas'}, {'affiliation': 'Universität Graz, Österreich', 'name': 'Atzenhofer-Baumgartner, Florian'}, {'affiliation': 'Universität Graz, Österreich', 'name': 'Lamminger, Florian'}, {'affiliation': 'Universität Graz, Österreich', 'name': 'Aoun, Sandy'}, {'affiliation': 'Universität Graz, Österreich', 'name': 'Decker, Franziska'}]",Eine Posterpr&auml;sentation auf der 9. Tagung des Verbands &quot;Digital Humanities im deutschsprachigen Raum&quot; - DHd 2023 Open Humanities Open Culture,10.5281/zenodo.7711548,"['Virtuelle Forschungsumgebung', 'Diplomatik', 'Computer Vision', 'Distant Reading', 'Datenerkennung', 'Bilderfassung', 'Transkription', 'Bearbeitung', 'texttragende Gegenstände', 'virtuelle Forschungsumgebungen', 'DHd2023']",CC-BY-4.0,"{'doi': '10.5281/zenodo.7711548', 'recid': 7711548}",2023-03-10,"[{'identifier': '10.5281/zenodo.7715522', 'relation': 'isSupplementTo', 'resource_type': 'publication-conferencepaper', 'scheme': 'doi'}]",Building a virtual research environment to move from digital to distant Diplomatics (ERC project DiDip),poster,10.5281/zenodo.7711547,['DHd2023_258_Vogeler_Building a virtual research environment to move from digital to distant Diplomatics_b.pdf']
open,"[{'identifier': 'dhd'}, {'identifier': 'zenodo'}]",DHd 2023,13.03.2023-17.03.2023,"Trier, Luxemburg","DHd 2023 Open Humanities Open Culture. 9. Tagung des Verbands ""Digital Humanities im deutschsprachigen Raum""",https://dhd2023.dig-hum.de/,"[{'affiliation': 'Universität Potsdam, Deutschland', 'name': 'Trilcke, Peer', 'orcid': '0000-0002-1421-4320', 'type': 'Editor'}, {'affiliation': 'Universität Potsdam, Deutschland', 'name': 'Busch, Anna', 'orcid': '0000-0001-5584-4807', 'type': 'Editor'}, {'affiliation': 'Digital Humanities im deutschsprachigen Raum e.V., Deutschland', 'name': 'Helling, Patrick', 'orcid': '0000-0003-4043-165X', 'type': 'Editor'}]","[{'affiliation': 'IOS Regensburg, Deutschland', 'name': 'Balck, Sandra'}, {'affiliation': 'IOS Regensburg, Deutschland', 'name': 'Frank, Ingo'}]",Eine Posterpr&auml;sentation auf der 9. Tagung des Verbands &quot;Digital Humanities im deutschsprachigen Raum&quot; - DHd 2023 Open Humanities Open Culture,10.5281/zenodo.7711550,"['Digitale Edition', 'Historische Reiseberichte', 'Ontologie', 'Modellierung', 'Annotieren', 'DHd2023']",CC-BY-4.0,"{'doi': '10.5281/zenodo.7711550', 'recid': 7711550}",2023-03-10,"[{'identifier': '10.5281/zenodo.7715261', 'relation': 'isSupplementTo', 'resource_type': 'publication-conferencepaper', 'scheme': 'doi'}]","Digitale Editionen von historischen Reiseberichten öffnen: Open Text und Open Data mit einheitlicher Textauszeichnung, semantischer Annotation und ontologiebasierter Datenmodellierung",poster,10.5281/zenodo.7711549,['DHd2023_264_Balck_Digitale Editionen von historischen Reiseberichten o╠êffnen_b.pdf']
open,"[{'identifier': 'dhd'}, {'identifier': 'zenodo'}]",DHd 2023,13.03.2023-17.03.2023,"Trier, Luxemburg","DHd 2023 Open Humanities Open Culture. 9. Tagung des Verbands ""Digital Humanities im deutschsprachigen Raum""",https://dhd2023.dig-hum.de/,"[{'affiliation': 'Universität Potsdam, Deutschland', 'name': 'Trilcke, Peer', 'orcid': '0000-0002-1421-4320', 'type': 'Editor'}, {'affiliation': 'Universität Potsdam, Deutschland', 'name': 'Busch, Anna', 'orcid': '0000-0001-5584-4807', 'type': 'Editor'}, {'affiliation': 'Digital Humanities im deutschsprachigen Raum e.V., Deutschland', 'name': 'Helling, Patrick', 'orcid': '0000-0003-4043-165X', 'type': 'Editor'}]","[{'affiliation': 'University College Cork, Irland, Republik', 'name': 'Kurzmeier, Michael'}, {'affiliation': 'University College Cork, Irland, Republik', 'name': ""O'Sullivan, James""}, {'affiliation': 'University College Cork, Irland, Republik', 'name': 'Murphy, Órla'}, {'affiliation': 'Digital Humanities Institute, University of Sheffield, Vereinigtes Königreich', 'name': 'Pidd, Michael'}, {'affiliation': 'University of Glasgow, Schottland', 'name': 'Wessels, Bridgette'}]",Eine Posterpr&auml;sentation auf der 9. Tagung des Verbands &quot;Digital Humanities im deutschsprachigen Raum&quot; - DHd 2023 Open Humanities Open Culture,10.5281/zenodo.7711554,"['Digital Scholarly Edition', 'Interview', 'History', 'Aufzeichnung', 'Sprache', 'Metadaten', 'Forschungsprozess', 'DHd2023']",CC-BY-4.0,"{'doi': '10.5281/zenodo.7711554', 'recid': 7711554}",2023-03-10,"[{'identifier': '10.5281/zenodo.7715412', 'relation': 'isSupplementTo', 'resource_type': 'publication-conferencepaper', 'scheme': 'doi'}]",A Quantitative Analysis of Digital Scholarly Editions,poster,10.5281/zenodo.7711553,['DHd2023_266_Kurzmeier_A Quantitative Analysis of Digital Scholarly Editions_b.pdf']
open,"[{'identifier': 'dhd'}, {'identifier': 'zenodo'}]",DHd 2023,13.03.2023-17.03.2023,"Trier, Luxemburg","DHd 2023 Open Humanities Open Culture. 9. Tagung des Verbands ""Digital Humanities im deutschsprachigen Raum""",https://dhd2023.dig-hum.de/,"[{'affiliation': 'Universität Potsdam, Deutschland', 'name': 'Trilcke, Peer', 'orcid': '0000-0002-1421-4320', 'type': 'Editor'}, {'affiliation': 'Universität Potsdam, Deutschland', 'name': 'Busch, Anna', 'orcid': '0000-0001-5584-4807', 'type': 'Editor'}, {'affiliation': 'Digital Humanities im deutschsprachigen Raum e.V., Deutschland', 'name': 'Helling, Patrick', 'orcid': '0000-0003-4043-165X', 'type': 'Editor'}]","[{'affiliation': 'Akademie der Wissenschaften und der Literatur | Mainz, Deutschland', 'name': 'Pittroff, Sarah'}, {'affiliation': 'Berlin-Brandenburgische Akademie der Wissenschaften, Deutschland', 'name': 'Gerber, Anja'}, {'affiliation': 'Akademie der Wissenschaften und der Literatur | Mainz, Deutschland', 'name': 'Steller, Jonatan'}]",Eine Posterpr&auml;sentation auf der 9. Tagung des Verbands &quot;Digital Humanities im deutschsprachigen Raum&quot; - DHd 2023 Open Humanities Open Culture,10.5281/zenodo.7711556,"['Corpusfotografie', 'Kontextualisierung', 'Datenmodellierung', 'Bilderfassung', 'Programmierung', 'Kontextsetzung', 'Veröffentlichung', 'Lehre', 'Artefakte', 'DHd2023']",CC-BY-4.0,"{'doi': '10.5281/zenodo.7711556', 'recid': 7711556}",2023-03-10,"[{'identifier': '10.5281/zenodo.7715743', 'relation': 'isSupplementTo', 'resource_type': 'publication-conferencepaper', 'scheme': 'doi'}]",Bilder im Kontext: Die Entwicklung des Corpus Vitrearum vom Bildarchiv zu Born-Digitals,poster,10.5281/zenodo.7711555,['DHd2023_278_Pittroff_Bilder im Kontext_b.pdf']
open,"[{'identifier': 'dhd'}, {'identifier': 'zenodo'}]",DHd 2023,13.03.2023-17.03.2023,"Trier, Luxemburg","DHd 2023 Open Humanities Open Culture. 9. Tagung des Verbands ""Digital Humanities im deutschsprachigen Raum""",https://dhd2023.dig-hum.de/,"[{'affiliation': 'Universität Potsdam, Deutschland', 'name': 'Trilcke, Peer', 'orcid': '0000-0002-1421-4320', 'type': 'Editor'}, {'affiliation': 'Universität Potsdam, Deutschland', 'name': 'Busch, Anna', 'orcid': '0000-0001-5584-4807', 'type': 'Editor'}, {'affiliation': 'Digital Humanities im deutschsprachigen Raum e.V., Deutschland', 'name': 'Helling, Patrick', 'orcid': '0000-0003-4043-165X', 'type': 'Editor'}]","[{'affiliation': 'Westfälische Wilhelmsuniversität Münster, Deutschland', 'name': 'Lück, Christian'}]",Eine Posterpr&auml;sentation auf der 9. Tagung des Verbands &quot;Digital Humanities im deutschsprachigen Raum&quot; - DHd 2023 Open Humanities Open Culture,10.5281/zenodo.7711558,"['TEI', 'plain text', 'Annotationen', 'stand-off annotations', 'automatische Annotationen', 'computational methods', 'Programmierung', 'Annotieren', 'Bereinigung', 'Text', 'Werkzeuge', 'DHd2023']",CC-BY-4.0,"{'doi': '10.5281/zenodo.7711558', 'recid': 7711558}",2023-03-10,"[{'identifier': '10.5281/zenodo.7715426', 'relation': 'isSupplementTo', 'resource_type': 'publication-conferencepaper', 'scheme': 'doi'}]",Standoff-Tools - Generische Dienste für die automatische Annotation von XML-Dokumenten mit Plain-Text-Werkzeugen,poster,10.5281/zenodo.7711557,['DHd2023_284_Lu╠êck_Standoff-Tools - Generische Dienste fu╠êr die automatische Annotation von XML-Dokumenten_b.pdf']
open,"[{'identifier': 'dhd'}, {'identifier': 'zenodo'}]",DHd 2023,13.03.2023-17.03.2023,"Trier, Luxemburg","DHd 2023 Open Humanities Open Culture. 9. Tagung des Verbands ""Digital Humanities im deutschsprachigen Raum""",https://dhd2023.dig-hum.de/,"[{'affiliation': 'Universität Potsdam, Deutschland', 'name': 'Trilcke, Peer', 'orcid': '0000-0002-1421-4320', 'type': 'Editor'}, {'affiliation': 'Universität Potsdam, Deutschland', 'name': 'Busch, Anna', 'orcid': '0000-0001-5584-4807', 'type': 'Editor'}, {'affiliation': 'Digital Humanities im deutschsprachigen Raum e.V., Deutschland', 'name': 'Helling, Patrick', 'orcid': '0000-0003-4043-165X', 'type': 'Editor'}]","[{'affiliation': 'Universität Heidelberg, Deutschland', 'name': 'Große, Peggy'}]",Eine Posterpr&auml;sentation auf der 9. Tagung des Verbands &quot;Digital Humanities im deutschsprachigen Raum&quot; - DHd 2023 Open Humanities Open Culture,10.5281/zenodo.7711560,"['CIDOC CRM', 'Digitales Werkverzeichnis', 'WissKI', 'Sammlung', 'Modellierung', 'Bilder', 'Infrastruktur', 'Metadaten', 'virtuelle Forschungsumgebungen', 'DHd2023']",CC-BY-4.0,"{'doi': '10.5281/zenodo.7711560', 'recid': 7711560}",2023-03-10,"[{'identifier': '10.5281/zenodo.7715339', 'relation': 'isSupplementTo', 'resource_type': 'publication-conferencepaper', 'scheme': 'doi'}]",duerer.online - Virtuelles Forschungsnetzwerk Albrecht Dürer,poster,10.5281/zenodo.7711559,['DHd2023_287_Gro├ƒe_duereronline - Virtuelles Forschungsnetzwerk Albrecht Du╠êrer_b.pdf']
